Command line invocation:
    /Applications/Xcode-27.0.0.app/Contents/Developer/usr/bin/xcodebuild -project CalculatorSwiftUI.xcodeproj -scheme CalculatorSwiftUI -sdk iphonesimulator -destination "platform=iOS Simulator,id=4F72CD21-F071-4835-87B2-1456D125374B" -configuration Debug -derivedDataPath /private/tmp/ui-goal04-20261006-azi78jzc/formal-pilot-preparation/native/derived -resultBundlePath /private/tmp/ui-goal04-20261006-azi78jzc/formal-pilot-preparation/native/SE/tests.xcresult -disableAutomaticPackageResolution -parallel-testing-enabled NO CODE_SIGNING_ALLOWED=NO IPHONEOS_DEPLOYMENT_TARGET=15.0 test

Build settings from command line:
    CODE_SIGNING_ALLOWED = NO
    IPHONEOS_DEPLOYMENT_TARGET = 15.0
    SDKROOT = iphonesimulator27.0

Writing result bundle at path:
	/private/tmp/ui-goal04-20261006-azi78jzc/formal-pilot-preparation/native/SE/tests.xcresult

ComputePackagePrebuildTargetDependencyGraph

Prepare packages

CreateBuildRequest

SendProjectDescription

CreateBuildOperation

ComputeTargetDependencyGraph
warning: Building targets in manual order is deprecated - choose Dependency Order in scheme settings instead, or set DISABLE_MANUAL_TARGET_ORDER_BUILD_WARNING in any of the targets in the current scheme to suppress this warning
note: Target dependency graph (3 targets)
    Target 'CalculatorUITests' in project 'CalculatorSwiftUI'
        ➜ Explicit dependency on target 'CalculatorSwiftUI' in project 'CalculatorSwiftUI'
    Target 'CalculatorTests' in project 'CalculatorSwiftUI'
        ➜ Explicit dependency on target 'CalculatorSwiftUI' in project 'CalculatorSwiftUI'
    Target 'CalculatorSwiftUI' in project 'CalculatorSwiftUI' (no dependencies)

GatherProvisioningInputs

CreateBuildDescription

ExecuteExternalTool /Applications/Xcode-27.0.0.app/Contents/Developer/usr/bin/actool --print-asset-tag-combinations --output-format xml1 /tmp/ui-goal04-20261006-azi78jzc/formal-pilot-preparation/app/CalculatorSwiftUI/Preview Content/Preview Assets.xcassets /tmp/ui-goal04-20261006-azi78jzc/formal-pilot-preparation/app/CalculatorSwiftUI/Assets.xcassets

ExecuteExternalTool /Applications/Xcode-27.0.0.app/Contents/Developer/usr/bin/ibtool --version --output-format xml1

ExecuteExternalTool /Applications/Xcode-27.0.0.app/Contents/Developer/Toolchains/XcodeDefault.xctoolchain/usr/bin/swiftc --version

ExecuteExternalTool /Applications/Xcode-27.0.0.app/Contents/Developer/Toolchains/XcodeDefault.xctoolchain/usr/bin/clang -v -E -dM -isysroot /Applications/Xcode-27.0.0.app/Contents/Developer/Platforms/iPhoneSimulator.platform/Developer/SDKs/iPhoneSimulator27.0.sdk -x c -c /dev/null

ExecuteExternalTool /Applications/Xcode-27.0.0.app/Contents/Developer/Toolchains/XcodeDefault.xctoolchain/usr/bin/ld -version_details

ExecuteExternalTool /Applications/Xcode-27.0.0.app/Contents/Developer/usr/bin/actool --version --output-format xml1

Build description signature: 04d3bdfbf34b6651f234635378622aa1
Build description path: /tmp/ui-goal04-20261006-azi78jzc/formal-pilot-preparation/native/derived/Build/Intermediates.noindex/XCBuildData/04d3bdfbf34b6651f234635378622aa1.xcbuilddata
CreateBuildDirectory /tmp/ui-goal04-20261006-azi78jzc/formal-pilot-preparation/native/derived/SDKExplicitPrecompiledModules
    cd /tmp/ui-goal04-20261006-azi78jzc/formal-pilot-preparation/app/CalculatorSwiftUI.xcodeproj
    builtin-create-build-directory /tmp/ui-goal04-20261006-azi78jzc/formal-pilot-preparation/native/derived/SDKExplicitPrecompiledModules

CreateBuildDirectory /tmp/ui-goal04-20261006-azi78jzc/formal-pilot-preparation/native/derived/ModuleCache.noindex
    cd /tmp/ui-goal04-20261006-azi78jzc/formal-pilot-preparation/app/CalculatorSwiftUI.xcodeproj
    builtin-create-build-directory /tmp/ui-goal04-20261006-azi78jzc/formal-pilot-preparation/native/derived/ModuleCache.noindex

CreateBuildDirectory /tmp/ui-goal04-20261006-azi78jzc/formal-pilot-preparation/native/derived/CompilationCache.noindex
    cd /tmp/ui-goal04-20261006-azi78jzc/formal-pilot-preparation/app/CalculatorSwiftUI.xcodeproj
    builtin-create-build-directory /tmp/ui-goal04-20261006-azi78jzc/formal-pilot-preparation/native/derived/CompilationCache.noindex

CreateBuildDirectory /tmp/ui-goal04-20261006-azi78jzc/formal-pilot-preparation/native/derived/Build/Products
    cd /tmp/ui-goal04-20261006-azi78jzc/formal-pilot-preparation/app/CalculatorSwiftUI.xcodeproj
    builtin-create-build-directory /tmp/ui-goal04-20261006-azi78jzc/formal-pilot-preparation/native/derived/Build/Products

CreateBuildDirectory /tmp/ui-goal04-20261006-azi78jzc/formal-pilot-preparation/native/derived/Build/Intermediates.noindex
    cd /tmp/ui-goal04-20261006-azi78jzc/formal-pilot-preparation/app/CalculatorSwiftUI.xcodeproj
    builtin-create-build-directory /tmp/ui-goal04-20261006-azi78jzc/formal-pilot-preparation/native/derived/Build/Intermediates.noindex

ClangStatCache /Applications/Xcode-27.0.0.app/Contents/Developer/Toolchains/XcodeDefault.xctoolchain/usr/bin/clang-stat-cache /Applications/Xcode-27.0.0.app/Contents/Developer/Platforms/iPhoneSimulator.platform/Developer/SDKs/iPhoneSimulator27.0.sdk /tmp/ui-goal04-20261006-azi78jzc/formal-pilot-preparation/native/derived/SDKStatCaches.noindex/iphonesimulator27.0-24A430-e829b21a6f8c9b70876ba0858053c044e5777d08492bbb2b9a17b83f613657ee.sdkstatcache
    cd /tmp/ui-goal04-20261006-azi78jzc/formal-pilot-preparation/app/CalculatorSwiftUI.xcodeproj
    /Applications/Xcode-27.0.0.app/Contents/Developer/Toolchains/XcodeDefault.xctoolchain/usr/bin/clang-stat-cache /Applications/Xcode-27.0.0.app/Contents/Developer/Platforms/iPhoneSimulator.platform/Developer/SDKs/iPhoneSimulator27.0.sdk -o /tmp/ui-goal04-20261006-azi78jzc/formal-pilot-preparation/native/derived/SDKStatCaches.noindex/iphonesimulator27.0-24A430-e829b21a6f8c9b70876ba0858053c044e5777d08492bbb2b9a17b83f613657ee.sdkstatcache

CreateBuildDirectory /tmp/ui-goal04-20261006-azi78jzc/formal-pilot-preparation/native/derived/Build/Intermediates.noindex/SwiftExplicitPrecompiledModules
    cd /tmp/ui-goal04-20261006-azi78jzc/formal-pilot-preparation/app/CalculatorSwiftUI.xcodeproj
    builtin-create-build-directory /tmp/ui-goal04-20261006-azi78jzc/formal-pilot-preparation/native/derived/Build/Intermediates.noindex/SwiftExplicitPrecompiledModules

CreateBuildDirectory /tmp/ui-goal04-20261006-azi78jzc/formal-pilot-preparation/native/derived/Build/Intermediates.noindex/PrecompiledHeaders
    cd /tmp/ui-goal04-20261006-azi78jzc/formal-pilot-preparation/app/CalculatorSwiftUI.xcodeproj
    builtin-create-build-directory /tmp/ui-goal04-20261006-azi78jzc/formal-pilot-preparation/native/derived/Build/Intermediates.noindex/PrecompiledHeaders

WriteAuxiliaryFile /tmp/ui-goal04-20261006-azi78jzc/formal-pilot-preparation/native/derived/Build/Intermediates.noindex/CalculatorSwiftUI.build/Debug-iphonesimulator/CalculatorSwiftUI-35dc542547f266f2b0d370d00aebd730-VFS-iphonesimulator/all-product-headers.yaml
    cd /tmp/ui-goal04-20261006-azi78jzc/formal-pilot-preparation/app/CalculatorSwiftUI.xcodeproj
    write-file /tmp/ui-goal04-20261006-azi78jzc/formal-pilot-preparation/native/derived/Build/Intermediates.noindex/CalculatorSwiftUI.build/Debug-iphonesimulator/CalculatorSwiftUI-35dc542547f266f2b0d370d00aebd730-VFS-iphonesimulator/all-product-headers.yaml

CreateBuildDirectory /tmp/ui-goal04-20261006-azi78jzc/formal-pilot-preparation/native/derived/Build/Intermediates.noindex/ExplicitPrecompiledModules
    cd /tmp/ui-goal04-20261006-azi78jzc/formal-pilot-preparation/app/CalculatorSwiftUI.xcodeproj
    builtin-create-build-directory /tmp/ui-goal04-20261006-azi78jzc/formal-pilot-preparation/native/derived/Build/Intermediates.noindex/ExplicitPrecompiledModules

CreateBuildDirectory /tmp/ui-goal04-20261006-azi78jzc/formal-pilot-preparation/native/derived/Build/Intermediates.noindex/EagerLinkingTBDs/Debug-iphonesimulator
    cd /tmp/ui-goal04-20261006-azi78jzc/formal-pilot-preparation/app/CalculatorSwiftUI.xcodeproj
    builtin-create-build-directory /tmp/ui-goal04-20261006-azi78jzc/formal-pilot-preparation/native/derived/Build/Intermediates.noindex/EagerLinkingTBDs/Debug-iphonesimulator

CreateBuildDirectory /tmp/ui-goal04-20261006-azi78jzc/formal-pilot-preparation/native/derived/Build/Products/Debug-iphonesimulator
    cd /tmp/ui-goal04-20261006-azi78jzc/formal-pilot-preparation/app/CalculatorSwiftUI.xcodeproj
    builtin-create-build-directory /tmp/ui-goal04-20261006-azi78jzc/formal-pilot-preparation/native/derived/Build/Products/Debug-iphonesimulator

WriteAuxiliaryFile /tmp/ui-goal04-20261006-azi78jzc/formal-pilot-preparation/native/derived/Build/Intermediates.noindex/CalculatorSwiftUI.build/Debug-iphonesimulator/CalculatorSwiftUI.build/Objects-normal/arm64/CalculatorSwiftUI_const_extract_protocols.json (in target 'CalculatorSwiftUI' from project 'CalculatorSwiftUI')
    cd /tmp/ui-goal04-20261006-azi78jzc/formal-pilot-preparation/app
    write-file /tmp/ui-goal04-20261006-azi78jzc/formal-pilot-preparation/native/derived/Build/Intermediates.noindex/CalculatorSwiftUI.build/Debug-iphonesimulator/CalculatorSwiftUI.build/Objects-normal/arm64/CalculatorSwiftUI_const_extract_protocols.json

WriteAuxiliaryFile /tmp/ui-goal04-20261006-azi78jzc/formal-pilot-preparation/native/derived/Build/Intermediates.noindex/CalculatorSwiftUI.build/Debug-iphonesimulator/CalculatorSwiftUI.build/Objects-normal/arm64/CalculatorSwiftUI.SwiftFileList (in target 'CalculatorSwiftUI' from project 'CalculatorSwiftUI')
    cd /tmp/ui-goal04-20261006-azi78jzc/formal-pilot-preparation/app
    write-file /tmp/ui-goal04-20261006-azi78jzc/formal-pilot-preparation/native/derived/Build/Intermediates.noindex/CalculatorSwiftUI.build/Debug-iphonesimulator/CalculatorSwiftUI.build/Objects-normal/arm64/CalculatorSwiftUI.SwiftFileList

WriteAuxiliaryFile /tmp/ui-goal04-20261006-azi78jzc/formal-pilot-preparation/native/derived/Build/Intermediates.noindex/CalculatorSwiftUI.build/Debug-iphonesimulator/CalculatorSwiftUI.build/Objects-normal/arm64/CalculatorSwiftUI.SwiftConstValuesFileList (in target 'CalculatorSwiftUI' from project 'CalculatorSwiftUI')
    cd /tmp/ui-goal04-20261006-azi78jzc/formal-pilot-preparation/app
    write-file /tmp/ui-goal04-20261006-azi78jzc/formal-pilot-preparation/native/derived/Build/Intermediates.noindex/CalculatorSwiftUI.build/Debug-iphonesimulator/CalculatorSwiftUI.build/Objects-normal/arm64/CalculatorSwiftUI.SwiftConstValuesFileList

WriteAuxiliaryFile /tmp/ui-goal04-20261006-azi78jzc/formal-pilot-preparation/native/derived/Build/Intermediates.noindex/CalculatorSwiftUI.build/Debug-iphonesimulator/CalculatorSwiftUI.build/Objects-normal/arm64/CalculatorSwiftUI.LinkFileList (in target 'CalculatorSwiftUI' from project 'CalculatorSwiftUI')
    cd /tmp/ui-goal04-20261006-azi78jzc/formal-pilot-preparation/app
    write-file /tmp/ui-goal04-20261006-azi78jzc/formal-pilot-preparation/native/derived/Build/Intermediates.noindex/CalculatorSwiftUI.build/Debug-iphonesimulator/CalculatorSwiftUI.build/Objects-normal/arm64/CalculatorSwiftUI.LinkFileList

WriteAuxiliaryFile /tmp/ui-goal04-20261006-azi78jzc/formal-pilot-preparation/native/derived/Build/Intermediates.noindex/CalculatorSwiftUI.build/Debug-iphonesimulator/CalculatorSwiftUI.build/Objects-normal/arm64/CalculatorSwiftUI-OutputFileMap.json (in target 'CalculatorSwiftUI' from project 'CalculatorSwiftUI')
    cd /tmp/ui-goal04-20261006-azi78jzc/formal-pilot-preparation/app
    write-file /tmp/ui-goal04-20261006-azi78jzc/formal-pilot-preparation/native/derived/Build/Intermediates.noindex/CalculatorSwiftUI.build/Debug-iphonesimulator/CalculatorSwiftUI.build/Objects-normal/arm64/CalculatorSwiftUI-OutputFileMap.json

WriteAuxiliaryFile /tmp/ui-goal04-20261006-azi78jzc/formal-pilot-preparation/native/derived/Build/Intermediates.noindex/CalculatorSwiftUI.build/Debug-iphonesimulator/CalculatorSwiftUI.build/CalculatorSwiftUI.hmap (in target 'CalculatorSwiftUI' from project 'CalculatorSwiftUI')
    cd /tmp/ui-goal04-20261006-azi78jzc/formal-pilot-preparation/app
    write-file /tmp/ui-goal04-20261006-azi78jzc/formal-pilot-preparation/native/derived/Build/Intermediates.noindex/CalculatorSwiftUI.build/Debug-iphonesimulator/CalculatorSwiftUI.build/CalculatorSwiftUI.hmap

WriteAuxiliaryFile /tmp/ui-goal04-20261006-azi78jzc/formal-pilot-preparation/native/derived/Build/Intermediates.noindex/CalculatorSwiftUI.build/Debug-iphonesimulator/CalculatorSwiftUI.build/CalculatorSwiftUI.DependencyStaticMetadataFileList (in target 'CalculatorSwiftUI' from project 'CalculatorSwiftUI')
    cd /tmp/ui-goal04-20261006-azi78jzc/formal-pilot-preparation/app
    write-file /tmp/ui-goal04-20261006-azi78jzc/formal-pilot-preparation/native/derived/Build/Intermediates.noindex/CalculatorSwiftUI.build/Debug-iphonesimulator/CalculatorSwiftUI.build/CalculatorSwiftUI.DependencyStaticMetadataFileList

WriteAuxiliaryFile /tmp/ui-goal04-20261006-azi78jzc/formal-pilot-preparation/native/derived/Build/Intermediates.noindex/CalculatorSwiftUI.build/Debug-iphonesimulator/CalculatorSwiftUI.build/CalculatorSwiftUI.DependencyMetadataFileList (in target 'CalculatorSwiftUI' from project 'CalculatorSwiftUI')
    cd /tmp/ui-goal04-20261006-azi78jzc/formal-pilot-preparation/app
    write-file /tmp/ui-goal04-20261006-azi78jzc/formal-pilot-preparation/native/derived/Build/Intermediates.noindex/CalculatorSwiftUI.build/Debug-iphonesimulator/CalculatorSwiftUI.build/CalculatorSwiftUI.DependencyMetadataFileList

WriteAuxiliaryFile /tmp/ui-goal04-20261006-azi78jzc/formal-pilot-preparation/native/derived/Build/Intermediates.noindex/CalculatorSwiftUI.build/Debug-iphonesimulator/CalculatorSwiftUI.build/CalculatorSwiftUI-project-headers.hmap (in target 'CalculatorSwiftUI' from project 'CalculatorSwiftUI')
    cd /tmp/ui-goal04-20261006-azi78jzc/formal-pilot-preparation/app
    write-file /tmp/ui-goal04-20261006-azi78jzc/formal-pilot-preparation/native/derived/Build/Intermediates.noindex/CalculatorSwiftUI.build/Debug-iphonesimulator/CalculatorSwiftUI.build/CalculatorSwiftUI-project-headers.hmap

WriteAuxiliaryFile /tmp/ui-goal04-20261006-azi78jzc/formal-pilot-preparation/native/derived/Build/Intermediates.noindex/CalculatorSwiftUI.build/Debug-iphonesimulator/CalculatorSwiftUI.build/CalculatorSwiftUI-own-target-headers.hmap (in target 'CalculatorSwiftUI' from project 'CalculatorSwiftUI')
    cd /tmp/ui-goal04-20261006-azi78jzc/formal-pilot-preparation/app
    write-file /tmp/ui-goal04-20261006-azi78jzc/formal-pilot-preparation/native/derived/Build/Intermediates.noindex/CalculatorSwiftUI.build/Debug-iphonesimulator/CalculatorSwiftUI.build/CalculatorSwiftUI-own-target-headers.hmap

WriteAuxiliaryFile /tmp/ui-goal04-20261006-azi78jzc/formal-pilot-preparation/native/derived/Build/Intermediates.noindex/CalculatorSwiftUI.build/Debug-iphonesimulator/CalculatorSwiftUI.build/CalculatorSwiftUI-generated-files.hmap (in target 'CalculatorSwiftUI' from project 'CalculatorSwiftUI')
    cd /tmp/ui-goal04-20261006-azi78jzc/formal-pilot-preparation/app
    write-file /tmp/ui-goal04-20261006-azi78jzc/formal-pilot-preparation/native/derived/Build/Intermediates.noindex/CalculatorSwiftUI.build/Debug-iphonesimulator/CalculatorSwiftUI.build/CalculatorSwiftUI-generated-files.hmap

WriteAuxiliaryFile /tmp/ui-goal04-20261006-azi78jzc/formal-pilot-preparation/native/derived/Build/Intermediates.noindex/CalculatorSwiftUI.build/Debug-iphonesimulator/CalculatorSwiftUI.build/CalculatorSwiftUI-all-target-headers.hmap (in target 'CalculatorSwiftUI' from project 'CalculatorSwiftUI')
    cd /tmp/ui-goal04-20261006-azi78jzc/formal-pilot-preparation/app
    write-file /tmp/ui-goal04-20261006-azi78jzc/formal-pilot-preparation/native/derived/Build/Intermediates.noindex/CalculatorSwiftUI.build/Debug-iphonesimulator/CalculatorSwiftUI.build/CalculatorSwiftUI-all-target-headers.hmap

WriteAuxiliaryFile /tmp/ui-goal04-20261006-azi78jzc/formal-pilot-preparation/native/derived/Build/Intermediates.noindex/CalculatorSwiftUI.build/Debug-iphonesimulator/CalculatorSwiftUI.build/CalculatorSwiftUI-all-non-framework-target-headers.hmap (in target 'CalculatorSwiftUI' from project 'CalculatorSwiftUI')
    cd /tmp/ui-goal04-20261006-azi78jzc/formal-pilot-preparation/app
    write-file /tmp/ui-goal04-20261006-azi78jzc/formal-pilot-preparation/native/derived/Build/Intermediates.noindex/CalculatorSwiftUI.build/Debug-iphonesimulator/CalculatorSwiftUI.build/CalculatorSwiftUI-all-non-framework-target-headers.hmap

WriteAuxiliaryFile /tmp/ui-goal04-20261006-azi78jzc/formal-pilot-preparation/native/derived/Build/Intermediates.noindex/CalculatorSwiftUI.build/Debug-iphonesimulator/CalculatorSwiftUI.build/CalculatorSwiftUI-DebugDylibPath-normal-arm64.txt (in target 'CalculatorSwiftUI' from project 'CalculatorSwiftUI')
    cd /tmp/ui-goal04-20261006-azi78jzc/formal-pilot-preparation/app
    write-file /tmp/ui-goal04-20261006-azi78jzc/formal-pilot-preparation/native/derived/Build/Intermediates.noindex/CalculatorSwiftUI.build/Debug-iphonesimulator/CalculatorSwiftUI.build/CalculatorSwiftUI-DebugDylibPath-normal-arm64.txt

WriteAuxiliaryFile /tmp/ui-goal04-20261006-azi78jzc/formal-pilot-preparation/native/derived/Build/Intermediates.noindex/CalculatorSwiftUI.build/Debug-iphonesimulator/CalculatorSwiftUI.build/CalculatorSwiftUI-DebugDylibInstallName-normal-arm64.txt (in target 'CalculatorSwiftUI' from project 'CalculatorSwiftUI')
    cd /tmp/ui-goal04-20261006-azi78jzc/formal-pilot-preparation/app
    write-file /tmp/ui-goal04-20261006-azi78jzc/formal-pilot-preparation/native/derived/Build/Intermediates.noindex/CalculatorSwiftUI.build/Debug-iphonesimulator/CalculatorSwiftUI.build/CalculatorSwiftUI-DebugDylibInstallName-normal-arm64.txt

MkDir /tmp/ui-goal04-20261006-azi78jzc/formal-pilot-preparation/native/derived/Build/Products/Debug-iphonesimulator/CalculatorSwiftUI.app/PlugIns (in target 'CalculatorSwiftUI' from project 'CalculatorSwiftUI')
    cd /tmp/ui-goal04-20261006-azi78jzc/formal-pilot-preparation/app
    /bin/mkdir -p /tmp/ui-goal04-20261006-azi78jzc/formal-pilot-preparation/native/derived/Build/Products/Debug-iphonesimulator/CalculatorSwiftUI.app/PlugIns

MkDir /tmp/ui-goal04-20261006-azi78jzc/formal-pilot-preparation/native/derived/Build/Products/Debug-iphonesimulator/CalculatorSwiftUI.app (in target 'CalculatorSwiftUI' from project 'CalculatorSwiftUI')
    cd /tmp/ui-goal04-20261006-azi78jzc/formal-pilot-preparation/app
    /bin/mkdir -p /tmp/ui-goal04-20261006-azi78jzc/formal-pilot-preparation/native/derived/Build/Products/Debug-iphonesimulator/CalculatorSwiftUI.app

ValidateDevelopmentAssets /tmp/ui-goal04-20261006-azi78jzc/formal-pilot-preparation/native/derived/Build/Intermediates.noindex/CalculatorSwiftUI.build/Debug-iphonesimulator/CalculatorSwiftUI.build (in target 'CalculatorSwiftUI' from project 'CalculatorSwiftUI')
    cd /tmp/ui-goal04-20261006-azi78jzc/formal-pilot-preparation/app
    builtin-validate-development-assets --validate YES_ERROR /tmp/ui-goal04-20261006-azi78jzc/formal-pilot-preparation/app/CalculatorSwiftUI/Preview\ Content

Ld /tmp/ui-goal04-20261006-azi78jzc/formal-pilot-preparation/native/derived/Build/Products/Debug-iphonesimulator/CalculatorSwiftUI.app/__preview.dylib normal (in target 'CalculatorSwiftUI' from project 'CalculatorSwiftUI')
    cd /tmp/ui-goal04-20261006-azi78jzc/formal-pilot-preparation/app
    /Applications/Xcode-27.0.0.app/Contents/Developer/Toolchains/XcodeDefault.xctoolchain/usr/bin/clang -Xlinker -reproducible -target arm64-apple-ios15.0-simulator -dynamiclib -isysroot /Applications/Xcode-27.0.0.app/Contents/Developer/Platforms/iPhoneSimulator.platform/Developer/SDKs/iPhoneSimulator27.0.sdk -O0 -Xlinker -no_warn_duplicate_libraries -L/tmp/ui-goal04-20261006-azi78jzc/formal-pilot-preparation/native/derived/Build/Products/Debug-iphonesimulator -F/tmp/ui-goal04-20261006-azi78jzc/formal-pilot-preparation/native/derived/Build/Products/Debug-iphonesimulator -install_name @rpath/CalculatorSwiftUI.debug.dylib -Xlinker -dead_strip -rdynamic -Xlinker -no_deduplicate -Xlinker -objc_abi_version -Xlinker 2 -Xlinker -dependency_info -Xlinker /tmp/ui-goal04-20261006-azi78jzc/formal-pilot-preparation/native/derived/Build/Intermediates.noindex/CalculatorSwiftUI.build/Debug-iphonesimulator/CalculatorSwiftUI.build/Objects-normal/arm64/CalculatorSwiftUI_dependency_info.dat -o /tmp/ui-goal04-20261006-azi78jzc/formal-pilot-preparation/native/derived/Build/Products/Debug-iphonesimulator/CalculatorSwiftUI.app/__preview.dylib

MkDir /tmp/ui-goal04-20261006-azi78jzc/formal-pilot-preparation/native/derived/Build/Intermediates.noindex/CalculatorSwiftUI.build/Debug-iphonesimulator/CalculatorSwiftUI.build/assetcatalog_output/unthinned (in target 'CalculatorSwiftUI' from project 'CalculatorSwiftUI')
    cd /tmp/ui-goal04-20261006-azi78jzc/formal-pilot-preparation/app
    /bin/mkdir -p /tmp/ui-goal04-20261006-azi78jzc/formal-pilot-preparation/native/derived/Build/Intermediates.noindex/CalculatorSwiftUI.build/Debug-iphonesimulator/CalculatorSwiftUI.build/assetcatalog_output/unthinned

MkDir /tmp/ui-goal04-20261006-azi78jzc/formal-pilot-preparation/native/derived/Build/Intermediates.noindex/CalculatorSwiftUI.build/Debug-iphonesimulator/CalculatorSwiftUI.build/assetcatalog_output/thinned (in target 'CalculatorSwiftUI' from project 'CalculatorSwiftUI')
    cd /tmp/ui-goal04-20261006-azi78jzc/formal-pilot-preparation/app
    /bin/mkdir -p /tmp/ui-goal04-20261006-azi78jzc/formal-pilot-preparation/native/derived/Build/Intermediates.noindex/CalculatorSwiftUI.build/Debug-iphonesimulator/CalculatorSwiftUI.build/assetcatalog_output/thinned

CpResource /tmp/ui-goal04-20261006-azi78jzc/formal-pilot-preparation/native/derived/Build/Products/Debug-iphonesimulator/CalculatorSwiftUI.app/tokens.json /tmp/ui-goal04-20261006-azi78jzc/formal-pilot-preparation/app/CalculatorSwiftUI/tokens.json (in target 'CalculatorSwiftUI' from project 'CalculatorSwiftUI')
    cd /tmp/ui-goal04-20261006-azi78jzc/formal-pilot-preparation/app
    builtin-copy -exclude .DS_Store -exclude CVS -exclude .svn -exclude .git -exclude .hg -resolve-src-symlinks /tmp/ui-goal04-20261006-azi78jzc/formal-pilot-preparation/app/CalculatorSwiftUI/tokens.json /tmp/ui-goal04-20261006-azi78jzc/formal-pilot-preparation/native/derived/Build/Products/Debug-iphonesimulator/CalculatorSwiftUI.app

GenerateAssetSymbols /tmp/ui-goal04-20261006-azi78jzc/formal-pilot-preparation/app/CalculatorSwiftUI/Preview\ Content/Preview\ Assets.xcassets /tmp/ui-goal04-20261006-azi78jzc/formal-pilot-preparation/app/CalculatorSwiftUI/Assets.xcassets (in target 'CalculatorSwiftUI' from project 'CalculatorSwiftUI')
    cd /tmp/ui-goal04-20261006-azi78jzc/formal-pilot-preparation/app
    /Applications/Xcode-27.0.0.app/Contents/Developer/usr/bin/actool /tmp/ui-goal04-20261006-azi78jzc/formal-pilot-preparation/app/CalculatorSwiftUI/Preview\ Content/Preview\ Assets.xcassets /tmp/ui-goal04-20261006-azi78jzc/formal-pilot-preparation/app/CalculatorSwiftUI/Assets.xcassets --compile /tmp/ui-goal04-20261006-azi78jzc/formal-pilot-preparation/native/derived/Build/Products/Debug-iphonesimulator/CalculatorSwiftUI.app --output-format human-readable-text --notices --warnings --export-dependency-info /tmp/ui-goal04-20261006-azi78jzc/formal-pilot-preparation/native/derived/Build/Intermediates.noindex/CalculatorSwiftUI.build/Debug-iphonesimulator/CalculatorSwiftUI.build/assetcatalog_dependencies --output-partial-info-plist /tmp/ui-goal04-20261006-azi78jzc/formal-pilot-preparation/native/derived/Build/Intermediates.noindex/CalculatorSwiftUI.build/Debug-iphonesimulator/CalculatorSwiftUI.build/assetcatalog_generated_info.plist --app-icon AppIcon --compress-pngs --enable-on-demand-resources YES --development-region en --target-device iphone --target-device ipad --minimum-deployment-target 15.0 --platform iphonesimulator --bundle-identifier TAROKH.CalculatorSwiftUI --generate-swift-asset-symbol-extensions NO --generate-swift-asset-symbols /tmp/ui-goal04-20261006-azi78jzc/formal-pilot-preparation/native/derived/Build/Intermediates.noindex/CalculatorSwiftUI.build/Debug-iphonesimulator/CalculatorSwiftUI.build/DerivedSources/GeneratedAssetSymbols.swift --generate-objc-asset-symbols /tmp/ui-goal04-20261006-azi78jzc/formal-pilot-preparation/native/derived/Build/Intermediates.noindex/CalculatorSwiftUI.build/Debug-iphonesimulator/CalculatorSwiftUI.build/DerivedSources/GeneratedAssetSymbols.h --generate-asset-symbol-index /tmp/ui-goal04-20261006-azi78jzc/formal-pilot-preparation/native/derived/Build/Intermediates.noindex/CalculatorSwiftUI.build/Debug-iphonesimulator/CalculatorSwiftUI.build/DerivedSources/GeneratedAssetSymbols-Index.plist
/* com.apple.actool.compilation-results */
/tmp/ui-goal04-20261006-azi78jzc/formal-pilot-preparation/native/derived/Build/Intermediates.noindex/CalculatorSwiftUI.build/Debug-iphonesimulator/CalculatorSwiftUI.build/DerivedSources/GeneratedAssetSymbols-Index.plist
/tmp/ui-goal04-20261006-azi78jzc/formal-pilot-preparation/native/derived/Build/Intermediates.noindex/CalculatorSwiftUI.build/Debug-iphonesimulator/CalculatorSwiftUI.build/DerivedSources/GeneratedAssetSymbols.h
/tmp/ui-goal04-20261006-azi78jzc/formal-pilot-preparation/native/derived/Build/Intermediates.noindex/CalculatorSwiftUI.build/Debug-iphonesimulator/CalculatorSwiftUI.build/DerivedSources/GeneratedAssetSymbols.swift


CompileStoryboard /tmp/ui-goal04-20261006-azi78jzc/formal-pilot-preparation/app/CalculatorSwiftUI/Base.lproj/LaunchScreen.storyboard (in target 'CalculatorSwiftUI' from project 'CalculatorSwiftUI')
    cd /tmp/ui-goal04-20261006-azi78jzc/formal-pilot-preparation/app
    /Applications/Xcode-27.0.0.app/Contents/Developer/usr/bin/ibtool --errors --warnings --notices --module CalculatorSwiftUI --output-partial-info-plist /tmp/ui-goal04-20261006-azi78jzc/formal-pilot-preparation/native/derived/Build/Intermediates.noindex/CalculatorSwiftUI.build/Debug-iphonesimulator/CalculatorSwiftUI.build/Base.lproj/LaunchScreen-SBPartialInfo.plist --auto-activate-custom-fonts --target-device iphone --target-device ipad --minimum-deployment-target 15.0 --output-format human-readable-text /tmp/ui-goal04-20261006-azi78jzc/formal-pilot-preparation/app/CalculatorSwiftUI/Base.lproj/LaunchScreen.storyboard --compilation-directory /tmp/ui-goal04-20261006-azi78jzc/formal-pilot-preparation/native/derived/Build/Intermediates.noindex/CalculatorSwiftUI.build/Debug-iphonesimulator/CalculatorSwiftUI.build/Base.lproj

CompileAssetCatalogVariant thinned /tmp/ui-goal04-20261006-azi78jzc/formal-pilot-preparation/native/derived/Build/Products/Debug-iphonesimulator/CalculatorSwiftUI.app /tmp/ui-goal04-20261006-azi78jzc/formal-pilot-preparation/app/CalculatorSwiftUI/Preview\ Content/Preview\ Assets.xcassets /tmp/ui-goal04-20261006-azi78jzc/formal-pilot-preparation/app/CalculatorSwiftUI/Assets.xcassets (in target 'CalculatorSwiftUI' from project 'CalculatorSwiftUI')
    cd /tmp/ui-goal04-20261006-azi78jzc/formal-pilot-preparation/app
    /Applications/Xcode-27.0.0.app/Contents/Developer/usr/bin/actool /tmp/ui-goal04-20261006-azi78jzc/formal-pilot-preparation/app/CalculatorSwiftUI/Preview\ Content/Preview\ Assets.xcassets /tmp/ui-goal04-20261006-azi78jzc/formal-pilot-preparation/app/CalculatorSwiftUI/Assets.xcassets --compile /tmp/ui-goal04-20261006-azi78jzc/formal-pilot-preparation/native/derived/Build/Intermediates.noindex/CalculatorSwiftUI.build/Debug-iphonesimulator/CalculatorSwiftUI.build/assetcatalog_output/thinned --output-format human-readable-text --notices --warnings --export-dependency-info /tmp/ui-goal04-20261006-azi78jzc/formal-pilot-preparation/native/derived/Build/Intermediates.noindex/CalculatorSwiftUI.build/Debug-iphonesimulator/CalculatorSwiftUI.build/assetcatalog_dependencies_thinned --output-partial-info-plist /tmp/ui-goal04-20261006-azi78jzc/formal-pilot-preparation/native/derived/Build/Intermediates.noindex/CalculatorSwiftUI.build/Debug-iphonesimulator/CalculatorSwiftUI.build/assetcatalog_generated_info.plist_thinned --app-icon AppIcon --compress-pngs --enable-on-demand-resources YES --filter-for-thinning-device-configuration iPhone14,6 --filter-for-device-os-version 27.0 --development-region en --target-device iphone --target-device ipad --minimum-deployment-target 15.0 --platform iphonesimulator
/* com.apple.actool.compilation-results */
/tmp/ui-goal04-20261006-azi78jzc/formal-pilot-preparation/native/derived/Build/Intermediates.noindex/CalculatorSwiftUI.build/Debug-iphonesimulator/CalculatorSwiftUI.build/assetcatalog_generated_info.plist_thinned


LinkAssetCatalog /tmp/ui-goal04-20261006-azi78jzc/formal-pilot-preparation/app/CalculatorSwiftUI/Preview\ Content/Preview\ Assets.xcassets /tmp/ui-goal04-20261006-azi78jzc/formal-pilot-preparation/app/CalculatorSwiftUI/Assets.xcassets (in target 'CalculatorSwiftUI' from project 'CalculatorSwiftUI')
    cd /tmp/ui-goal04-20261006-azi78jzc/formal-pilot-preparation/app
    builtin-linkAssetCatalog --thinned /tmp/ui-goal04-20261006-azi78jzc/formal-pilot-preparation/native/derived/Build/Intermediates.noindex/CalculatorSwiftUI.build/Debug-iphonesimulator/CalculatorSwiftUI.build/assetcatalog_output/thinned --thinned-dependencies /tmp/ui-goal04-20261006-azi78jzc/formal-pilot-preparation/native/derived/Build/Intermediates.noindex/CalculatorSwiftUI.build/Debug-iphonesimulator/CalculatorSwiftUI.build/assetcatalog_dependencies_thinned --thinned-info-plist-content /tmp/ui-goal04-20261006-azi78jzc/formal-pilot-preparation/native/derived/Build/Intermediates.noindex/CalculatorSwiftUI.build/Debug-iphonesimulator/CalculatorSwiftUI.build/assetcatalog_generated_info.plist_thinned --unthinned /tmp/ui-goal04-20261006-azi78jzc/formal-pilot-preparation/native/derived/Build/Intermediates.noindex/CalculatorSwiftUI.build/Debug-iphonesimulator/CalculatorSwiftUI.build/assetcatalog_output/unthinned --unthinned-dependencies /tmp/ui-goal04-20261006-azi78jzc/formal-pilot-preparation/native/derived/Build/Intermediates.noindex/CalculatorSwiftUI.build/Debug-iphonesimulator/CalculatorSwiftUI.build/assetcatalog_dependencies_unthinned --unthinned-info-plist-content /tmp/ui-goal04-20261006-azi78jzc/formal-pilot-preparation/native/derived/Build/Intermediates.noindex/CalculatorSwiftUI.build/Debug-iphonesimulator/CalculatorSwiftUI.build/assetcatalog_generated_info.plist_unthinned --output /tmp/ui-goal04-20261006-azi78jzc/formal-pilot-preparation/native/derived/Build/Products/Debug-iphonesimulator/CalculatorSwiftUI.app --plist-output /tmp/ui-goal04-20261006-azi78jzc/formal-pilot-preparation/native/derived/Build/Intermediates.noindex/CalculatorSwiftUI.build/Debug-iphonesimulator/CalculatorSwiftUI.build/assetcatalog_generated_info.plist

SwiftDriver CalculatorSwiftUI normal arm64 com.apple.xcode.tools.swift.compiler (in target 'CalculatorSwiftUI' from project 'CalculatorSwiftUI')
    cd /tmp/ui-goal04-20261006-azi78jzc/formal-pilot-preparation/app
    builtin-SwiftDriver -- /Applications/Xcode-27.0.0.app/Contents/Developer/Toolchains/XcodeDefault.xctoolchain/usr/bin/swiftc -module-name CalculatorSwiftUI -Onone @/tmp/ui-goal04-20261006-azi78jzc/formal-pilot-preparation/native/derived/Build/Intermediates.noindex/CalculatorSwiftUI.build/Debug-iphonesimulator/CalculatorSwiftUI.build/Objects-normal/arm64/CalculatorSwiftUI.SwiftFileList -DDEBUG -enable-bare-slash-regex -enable-experimental-feature DebugDescriptionMacro -sdk /Applications/Xcode-27.0.0.app/Contents/Developer/Platforms/iPhoneSimulator.platform/Developer/SDKs/iPhoneSimulator27.0.sdk -target arm64-apple-ios15.0-simulator -g -module-cache-path /tmp/ui-goal04-20261006-azi78jzc/formal-pilot-preparation/native/derived/ModuleCache.noindex -Xfrontend -serialize-debugging-options -enable-testing -index-store-path /tmp/ui-goal04-20261006-azi78jzc/formal-pilot-preparation/native/derived/Index.noindex/DataStore -Xcc -D_LIBCPP_HARDENING_MODE\=_LIBCPP_HARDENING_MODE_DEBUG -swift-version 5 -I /tmp/ui-goal04-20261006-azi78jzc/formal-pilot-preparation/native/derived/Build/Products/Debug-iphonesimulator -F /tmp/ui-goal04-20261006-azi78jzc/formal-pilot-preparation/native/derived/Build/Products/Debug-iphonesimulator -c -j10 -enable-batch-mode -incremental -Xcc -ivfsstatcache -Xcc /tmp/ui-goal04-20261006-azi78jzc/formal-pilot-preparation/native/derived/SDKStatCaches.noindex/iphonesimulator27.0-24A430-e829b21a6f8c9b70876ba0858053c044e5777d08492bbb2b9a17b83f613657ee.sdkstatcache -output-file-map /tmp/ui-goal04-20261006-azi78jzc/formal-pilot-preparation/native/derived/Build/Intermediates.noindex/CalculatorSwiftUI.build/Debug-iphonesimulator/CalculatorSwiftUI.build/Objects-normal/arm64/CalculatorSwiftUI-OutputFileMap.json -save-temps -no-color-diagnostics -explicit-module-build -module-cache-path /tmp/ui-goal04-20261006-azi78jzc/formal-pilot-preparation/native/derived/Build/Intermediates.noindex/SwiftExplicitPrecompiledModules -clang-scanner-module-cache-path /tmp/ui-goal04-20261006-azi78jzc/formal-pilot-preparation/native/derived/ModuleCache.noindex -sdk-module-cache-path /tmp/ui-goal04-20261006-azi78jzc/formal-pilot-preparation/native/derived/SDKExplicitPrecompiledModules -emit-dependencies -emit-module -emit-module-path /tmp/ui-goal04-20261006-azi78jzc/formal-pilot-preparation/native/derived/Build/Intermediates.noindex/CalculatorSwiftUI.build/Debug-iphonesimulator/CalculatorSwiftUI.build/Objects-normal/arm64/CalculatorSwiftUI.swiftmodule -serialize-diagnostics -dependency-scan-serialize-diagnostics-path /tmp/ui-goal04-20261006-azi78jzc/formal-pilot-preparation/native/derived/Build/Intermediates.noindex/CalculatorSwiftUI.build/Debug-iphonesimulator/CalculatorSwiftUI.build/Objects-normal/arm64/CalculatorSwiftUI-dependency-scan.dia -validate-clang-modules-once -clang-build-session-file /tmp/ui-goal04-20261006-azi78jzc/formal-pilot-preparation/native/derived/ModuleCache.noindex/Session.modulevalidation -Xcc -fmodules-prune-interval\=86400 -Xcc -fmodules-prune-after\=345600 -emit-const-values -const-gather-protocols-list /tmp/ui-goal04-20261006-azi78jzc/formal-pilot-preparation/native/derived/Build/Intermediates.noindex/CalculatorSwiftUI.build/Debug-iphonesimulator/CalculatorSwiftUI.build/Objects-normal/arm64/CalculatorSwiftUI_const_extract_protocols.json -Xcc -iquote -Xcc /tmp/ui-goal04-20261006-azi78jzc/formal-pilot-preparation/native/derived/Build/Intermediates.noindex/CalculatorSwiftUI.build/Debug-iphonesimulator/CalculatorSwiftUI.build/CalculatorSwiftUI-generated-files.hmap -Xcc -I/tmp/ui-goal04-20261006-azi78jzc/formal-pilot-preparation/native/derived/Build/Intermediates.noindex/CalculatorSwiftUI.build/Debug-iphonesimulator/CalculatorSwiftUI.build/CalculatorSwiftUI-own-target-headers.hmap -Xcc -I/tmp/ui-goal04-20261006-azi78jzc/formal-pilot-preparation/native/derived/Build/Intermediates.noindex/CalculatorSwiftUI.build/Debug-iphonesimulator/CalculatorSwiftUI.build/CalculatorSwiftUI-all-target-headers.hmap -Xcc -iquote -Xcc /tmp/ui-goal04-20261006-azi78jzc/formal-pilot-preparation/native/derived/Build/Intermediates.noindex/CalculatorSwiftUI.build/Debug-iphonesimulator/CalculatorSwiftUI.build/CalculatorSwiftUI-project-headers.hmap -Xcc -I/tmp/ui-goal04-20261006-azi78jzc/formal-pilot-preparation/native/derived/Build/Products/Debug-iphonesimulator/include -Xcc -I/tmp/ui-goal04-20261006-azi78jzc/formal-pilot-preparation/native/derived/Build/Intermediates.noindex/CalculatorSwiftUI.build/Debug-iphonesimulator/CalculatorSwiftUI.build/DerivedSources-normal/arm64 -Xcc -I/tmp/ui-goal04-20261006-azi78jzc/formal-pilot-preparation/native/derived/Build/Intermediates.noindex/CalculatorSwiftUI.build/Debug-iphonesimulator/CalculatorSwiftUI.build/DerivedSources/arm64 -Xcc -I/tmp/ui-goal04-20261006-azi78jzc/formal-pilot-preparation/native/derived/Build/Intermediates.noindex/CalculatorSwiftUI.build/Debug-iphonesimulator/CalculatorSwiftUI.build/DerivedSources -Xcc -DDEBUG\=1 -emit-objc-header -emit-objc-header-path /tmp/ui-goal04-20261006-azi78jzc/formal-pilot-preparation/native/derived/Build/Intermediates.noindex/CalculatorSwiftUI.build/Debug-iphonesimulator/CalculatorSwiftUI.build/Objects-normal/arm64/CalculatorSwiftUI-Swift.h -working-directory /tmp/ui-goal04-20261006-azi78jzc/formal-pilot-preparation/app -experimental-emit-module-separately -disable-cmo

SwiftExplicitDependencyGeneratePcm arm64 /tmp/ui-goal04-20261006-azi78jzc/formal-pilot-preparation/native/derived/SDKExplicitPrecompiledModules/ptrauth-A23FQ95FEDF95OEI9CED3GIF.pcm

SwiftExplicitDependencyGeneratePcm arm64 /tmp/ui-goal04-20261006-azi78jzc/formal-pilot-preparation/native/derived/SDKExplicitPrecompiledModules/_SwiftConcurrencyShims-DWH1WBHR7YEZN6W46TGDB5LE.pcm

SwiftExplicitDependencyGeneratePcm arm64 /tmp/ui-goal04-20261006-azi78jzc/formal-pilot-preparation/native/derived/SDKExplicitPrecompiledModules/_AvailabilityInternal-DJ1ZZ82TMOO0F3BA2T7VFEX24.pcm

SwiftExplicitDependencyGeneratePcm arm64 /tmp/ui-goal04-20261006-azi78jzc/formal-pilot-preparation/native/derived/SDKExplicitPrecompiledModules/_Builtin_stddef-DA8V4Q60E0N3T1VQ40C759ADA.pcm

SwiftExplicitDependencyGeneratePcm arm64 /tmp/ui-goal04-20261006-azi78jzc/formal-pilot-preparation/native/derived/SDKExplicitPrecompiledModules/ptrcheck-5DLHQW6T4DI6RSIE5Y4GKMP5Y.pcm

SwiftExplicitDependencyGeneratePcm arm64 /tmp/ui-goal04-20261006-azi78jzc/formal-pilot-preparation/native/derived/SDKExplicitPrecompiledModules/_Builtin_stdbool-6ZOV7JIU1M5MESGKQIWUO92WE.pcm

SwiftExplicitDependencyGeneratePcm arm64 /tmp/ui-goal04-20261006-azi78jzc/formal-pilot-preparation/native/derived/SDKExplicitPrecompiledModules/_Builtin_float-3V9I01I0DMPHMPC28RSFR7P25.pcm

SwiftExplicitDependencyGeneratePcm arm64 /tmp/ui-goal04-20261006-azi78jzc/formal-pilot-preparation/native/derived/SDKExplicitPrecompiledModules/_Builtin_stdarg-33U9GCJ4LDY18ZXP4D3F61XFD.pcm

SwiftExplicitDependencyGeneratePcm arm64 /tmp/ui-goal04-20261006-azi78jzc/formal-pilot-preparation/native/derived/SDKExplicitPrecompiledModules/DeveloperToolsSupport-9N6C6EE87MMOJMO19HF9E6BIO.pcm

SwiftExplicitDependencyGeneratePcm arm64 /tmp/ui-goal04-20261006-azi78jzc/formal-pilot-preparation/native/derived/SDKExplicitPrecompiledModules/SwiftShims-257RWX1P1V4Q5PZB5DX4RSHP9.pcm

SwiftExplicitDependencyGeneratePcm arm64 /tmp/ui-goal04-20261006-azi78jzc/formal-pilot-preparation/native/derived/SDKExplicitPrecompiledModules/_DarwinFoundation1-67GC333CM35ZC0CTB0AOU5M8K.pcm

ProcessInfoPlistFile /tmp/ui-goal04-20261006-azi78jzc/formal-pilot-preparation/native/derived/Build/Products/Debug-iphonesimulator/CalculatorSwiftUI.app/Info.plist /tmp/ui-goal04-20261006-azi78jzc/formal-pilot-preparation/app/CalculatorSwiftUI/Application/Info.plist (in target 'CalculatorSwiftUI' from project 'CalculatorSwiftUI')
    cd /tmp/ui-goal04-20261006-azi78jzc/formal-pilot-preparation/app
    builtin-infoPlistUtility /tmp/ui-goal04-20261006-azi78jzc/formal-pilot-preparation/app/CalculatorSwiftUI/Application/Info.plist -producttype com.apple.product-type.application -genpkginfo /tmp/ui-goal04-20261006-azi78jzc/formal-pilot-preparation/native/derived/Build/Products/Debug-iphonesimulator/CalculatorSwiftUI.app/PkgInfo -expandbuildsettings -format binary -platform iphonesimulator -additionalcontentfile /tmp/ui-goal04-20261006-azi78jzc/formal-pilot-preparation/native/derived/Build/Intermediates.noindex/CalculatorSwiftUI.build/Debug-iphonesimulator/CalculatorSwiftUI.build/Base.lproj/LaunchScreen-SBPartialInfo.plist -additionalcontentfile /tmp/ui-goal04-20261006-azi78jzc/formal-pilot-preparation/native/derived/Build/Intermediates.noindex/CalculatorSwiftUI.build/Debug-iphonesimulator/CalculatorSwiftUI.build/assetcatalog_generated_info.plist -o /tmp/ui-goal04-20261006-azi78jzc/formal-pilot-preparation/native/derived/Build/Products/Debug-iphonesimulator/CalculatorSwiftUI.app/Info.plist

LinkStoryboards (in target 'CalculatorSwiftUI' from project 'CalculatorSwiftUI')
    cd /tmp/ui-goal04-20261006-azi78jzc/formal-pilot-preparation/app
    /Applications/Xcode-27.0.0.app/Contents/Developer/usr/bin/ibtool --errors --warnings --notices --module CalculatorSwiftUI --target-device iphone --target-device ipad --minimum-deployment-target 15.0 --output-format human-readable-text --link /tmp/ui-goal04-20261006-azi78jzc/formal-pilot-preparation/native/derived/Build/Products/Debug-iphonesimulator/CalculatorSwiftUI.app /tmp/ui-goal04-20261006-azi78jzc/formal-pilot-preparation/native/derived/Build/Intermediates.noindex/CalculatorSwiftUI.build/Debug-iphonesimulator/CalculatorSwiftUI.build/Base.lproj/LaunchScreen.storyboardc

SwiftExplicitDependencyGeneratePcm arm64 /tmp/ui-goal04-20261006-azi78jzc/formal-pilot-preparation/native/derived/SDKExplicitPrecompiledModules/_DarwinFoundation2-5LD03RBA3UUVAGKIKVI8PAA9L.pcm

SwiftExplicitDependencyGeneratePcm arm64 /tmp/ui-goal04-20261006-azi78jzc/formal-pilot-preparation/native/derived/SDKExplicitPrecompiledModules/_Builtin_limits-CTDBUZ1OXOHXNDNR8UX8DQB8B.pcm

SwiftExplicitDependencyGeneratePcm arm64 /tmp/ui-goal04-20261006-azi78jzc/formal-pilot-preparation/native/derived/SDKExplicitPrecompiledModules/_Builtin_stdint-DU76IJZMMO5YR4YIEBUH3L9WX.pcm

SwiftExplicitDependencyGeneratePcm arm64 /tmp/ui-goal04-20261006-azi78jzc/formal-pilot-preparation/native/derived/SDKExplicitPrecompiledModules/sys_types-CIHESSSCT1NGGE6MSGJRRMGWK.pcm

SwiftExplicitDependencyGeneratePcm arm64 /tmp/ui-goal04-20261006-azi78jzc/formal-pilot-preparation/native/derived/SDKExplicitPrecompiledModules/_Builtin_tgmath-HV0K7XOE2AAVJBA2D7MVZG7Y.pcm

SwiftExplicitDependencyGeneratePcm arm64 /tmp/ui-goal04-20261006-azi78jzc/formal-pilot-preparation/native/derived/SDKExplicitPrecompiledModules/string_h-602K3RIYMFYV1JSN3JTWEEC4O.pcm

SwiftExplicitDependencyGeneratePcm arm64 /tmp/ui-goal04-20261006-azi78jzc/formal-pilot-preparation/native/derived/SDKExplicitPrecompiledModules/_Builtin_stdatomic-DL6KHFM62BIU971TLEBM56CX2.pcm

SwiftExplicitDependencyGeneratePcm arm64 /tmp/ui-goal04-20261006-azi78jzc/formal-pilot-preparation/native/derived/SDKExplicitPrecompiledModules/_DarwinFoundation3-D7DL4UII5OIMMF8P0AS062X0U.pcm

SwiftExplicitDependencyGeneratePcm arm64 /tmp/ui-goal04-20261006-azi78jzc/formal-pilot-preparation/native/derived/SDKExplicitPrecompiledModules/_Builtin_intrinsics-BC7TWKMQ3WXTHA55977TGFTSW.pcm

SwiftExplicitDependencyGeneratePcm arm64 /tmp/ui-goal04-20261006-azi78jzc/formal-pilot-preparation/native/derived/SDKExplicitPrecompiledModules/_Builtin_inttypes-7UMBFT258WWIOISYLISNI4ZJC.pcm

SwiftExplicitDependencyGeneratePcm arm64 /tmp/ui-goal04-20261006-azi78jzc/formal-pilot-preparation/native/derived/SDKExplicitPrecompiledModules/Darwin-5S4KPSF1NZKHJOA1SKNPXEB38.pcm

SwiftExplicitDependencyGeneratePcm arm64 /tmp/ui-goal04-20261006-azi78jzc/formal-pilot-preparation/native/derived/SDKExplicitPrecompiledModules/simd-CXWYZE7YNNK74GF0OVUG8MS59.pcm

SwiftExplicitDependencyGeneratePcm arm64 /tmp/ui-goal04-20261006-azi78jzc/formal-pilot-preparation/native/derived/SDKExplicitPrecompiledModules/MachO-4DUR6MCXLDRE3R6S95KTPSMLB.pcm

SwiftExplicitDependencyGeneratePcm arm64 /tmp/ui-goal04-20261006-azi78jzc/formal-pilot-preparation/native/derived/SDKExplicitPrecompiledModules/ObjectiveC-2ANQVS4XMIHB2TPM7HNVS1FIU.pcm

SwiftExplicitDependencyGeneratePcm arm64 /tmp/ui-goal04-20261006-azi78jzc/formal-pilot-preparation/native/derived/SDKExplicitPrecompiledModules/os_object-DFVU2BLAMQF259FUSLR2TS49K.pcm

SwiftExplicitDependencyGeneratePcm arm64 /tmp/ui-goal04-20261006-azi78jzc/formal-pilot-preparation/native/derived/SDKExplicitPrecompiledModules/os_workgroup-90RZCEC0CN8P7OVDLELEIN5UF.pcm

SwiftExplicitDependencyGeneratePcm arm64 /tmp/ui-goal04-20261006-azi78jzc/formal-pilot-preparation/native/derived/SDKExplicitPrecompiledModules/Spatial-7OZRQVLGZX1CYVPSH3LTRLGFK.pcm

SwiftExplicitDependencyGeneratePcm arm64 /tmp/ui-goal04-20261006-azi78jzc/formal-pilot-preparation/native/derived/SDKExplicitPrecompiledModules/Dispatch-E33LGV32XXYQPE2PR85EA2FIH.pcm

SwiftExplicitDependencyGeneratePcm arm64 /tmp/ui-goal04-20261006-azi78jzc/formal-pilot-preparation/native/derived/SDKExplicitPrecompiledModules/XPC-AHOZ291YU8W4AMU5YVC0LXOGT.pcm

SwiftExplicitDependencyGeneratePcm arm64 /tmp/ui-goal04-20261006-azi78jzc/formal-pilot-preparation/native/derived/SDKExplicitPrecompiledModules/CoreFoundation-5OBUCNBI5CRCD9ZEBI1UAY4G0.pcm

SwiftExplicitDependencyGeneratePcm arm64 /tmp/ui-goal04-20261006-azi78jzc/formal-pilot-preparation/native/derived/SDKExplicitPrecompiledModules/os-9LQ9OMBQ5RIZJ7G7VXOHKQFNZ.pcm

SwiftExplicitDependencyGeneratePcm arm64 /tmp/ui-goal04-20261006-azi78jzc/formal-pilot-preparation/native/derived/SDKExplicitPrecompiledModules/Security-CUSCCNCU5HNTEL4QYNEBFAX4B.pcm

SwiftExplicitDependencyGeneratePcm arm64 /tmp/ui-goal04-20261006-azi78jzc/formal-pilot-preparation/native/derived/SDKExplicitPrecompiledModules/CoreGraphics-DHHVQT50WHHIX3L3FQIHGOAY8.pcm

SwiftExplicitDependencyGeneratePcm arm64 /tmp/ui-goal04-20261006-azi78jzc/formal-pilot-preparation/native/derived/SDKExplicitPrecompiledModules/CFNetwork-6FSL7CJ9G12LJZVQQSQKOPZH4.pcm

SwiftExplicitDependencyGeneratePcm arm64 /tmp/ui-goal04-20261006-azi78jzc/formal-pilot-preparation/native/derived/SDKExplicitPrecompiledModules/CoreAudioTypes-2LSJZXB3K3DQ16P8L2CL7ZKKK.pcm

SwiftExplicitDependencyGeneratePcm arm64 /tmp/ui-goal04-20261006-azi78jzc/formal-pilot-preparation/native/derived/SDKExplicitPrecompiledModules/CoreAudio-ALGOAS990VGH21UODS0J1AY1L.pcm

SwiftExplicitDependencyGeneratePcm arm64 /tmp/ui-goal04-20261006-azi78jzc/formal-pilot-preparation/native/derived/SDKExplicitPrecompiledModules/Foundation-EHETXGGMRRNU71WZMRUPJMK7B.pcm

SwiftExplicitDependencyGeneratePcm arm64 /tmp/ui-goal04-20261006-azi78jzc/formal-pilot-preparation/native/derived/SDKExplicitPrecompiledModules/CoreText-BY2DO82FW208J9Q5K5Y8RL2U.pcm

SwiftExplicitDependencyGeneratePcm arm64 /tmp/ui-goal04-20261006-azi78jzc/formal-pilot-preparation/native/derived/SDKExplicitPrecompiledModules/ImageIO-69JZQZG78W52PHHOGP0X5NVRQ.pcm

SwiftExplicitDependencyGeneratePcm arm64 /tmp/ui-goal04-20261006-azi78jzc/formal-pilot-preparation/native/derived/SDKExplicitPrecompiledModules/Symbols-ACOZ3ONFAITTV977BAB85AP7A.pcm

SwiftExplicitDependencyGeneratePcm arm64 /tmp/ui-goal04-20261006-azi78jzc/formal-pilot-preparation/native/derived/SDKExplicitPrecompiledModules/CoreData-B19NDSTGUPLHRFPCBER86G9IS.pcm

SwiftExplicitDependencyGeneratePcm arm64 /tmp/ui-goal04-20261006-azi78jzc/formal-pilot-preparation/native/derived/SDKExplicitPrecompiledModules/OSLog-DEZSOLWOMTPA4BMFB7UGAR3MO.pcm

SwiftExplicitDependencyGeneratePcm arm64 /tmp/ui-goal04-20261006-azi78jzc/formal-pilot-preparation/native/derived/SDKExplicitPrecompiledModules/UIUtilities-ASDHYGH8LXUK4XKSZUPZB4064.pcm

SwiftExplicitDependencyGeneratePcm arm64 /tmp/ui-goal04-20261006-azi78jzc/formal-pilot-preparation/native/derived/SDKExplicitPrecompiledModules/UniformTypeIdentifiers-65VUHEPCIF62CO5B89JTFI382.pcm

SwiftExplicitDependencyGeneratePcm arm64 /tmp/ui-goal04-20261006-azi78jzc/formal-pilot-preparation/native/derived/SDKExplicitPrecompiledModules/DataDetection-5BDBO3X56I1IONGLLKJM3N439.pcm

SwiftExplicitDependencyGeneratePcm arm64 /tmp/ui-goal04-20261006-azi78jzc/formal-pilot-preparation/native/derived/SDKExplicitPrecompiledModules/CoreTransferable-8SEPUC6PHP7UUVXHNEV19YYYO.pcm

SwiftExplicitDependencyGeneratePcm arm64 /tmp/ui-goal04-20261006-azi78jzc/formal-pilot-preparation/native/derived/SDKExplicitPrecompiledModules/FileProvider-RH0RJPFB840Y03HW8Z57DOF6.pcm

SwiftExplicitDependencyGeneratePcm arm64 /tmp/ui-goal04-20261006-azi78jzc/formal-pilot-preparation/native/derived/SDKExplicitPrecompiledModules/_LocationEssentials-ELLAG4L7EIAM95OI0KGAYBOGP.pcm

SwiftExplicitDependencyGeneratePcm arm64 /tmp/ui-goal04-20261006-azi78jzc/formal-pilot-preparation/native/derived/SDKExplicitPrecompiledModules/IOSurface-A4ID8R24F3GX6VITBSV87VHLM.pcm

SwiftExplicitDependencyGeneratePcm arm64 /tmp/ui-goal04-20261006-azi78jzc/formal-pilot-preparation/native/derived/SDKExplicitPrecompiledModules/UserNotifications-2J03Q3NWFGO3E8AX0718CH7FQ.pcm

SwiftExplicitDependencyGeneratePcm arm64 /tmp/ui-goal04-20261006-azi78jzc/formal-pilot-preparation/native/derived/SDKExplicitPrecompiledModules/OpenGLES-35OJU4GP0SX0QJWPYY5BA8XJF.pcm

SwiftExplicitDependencyGeneratePcm arm64 /tmp/ui-goal04-20261006-azi78jzc/formal-pilot-preparation/native/derived/SDKExplicitPrecompiledModules/Accessibility-7H8ES1K67FWIMKPA5B8YWKP5V.pcm

SwiftExplicitDependencyGeneratePcm arm64 /tmp/ui-goal04-20261006-azi78jzc/formal-pilot-preparation/native/derived/SDKExplicitPrecompiledModules/CoreLocation-1W6841NZOOS41D8ZNM1XBEVWN.pcm

SwiftExplicitDependencyGeneratePcm arm64 /tmp/ui-goal04-20261006-azi78jzc/formal-pilot-preparation/native/derived/SDKExplicitPrecompiledModules/Metal-AG6W4KPN2ECKT5Q5FPYAAMESY.pcm

SwiftExplicitDependencyGeneratePcm arm64 /tmp/ui-goal04-20261006-azi78jzc/formal-pilot-preparation/native/derived/SDKExplicitPrecompiledModules/CoreMotion-819UWD06G7WBLRZE925GN90QA.pcm

SwiftExplicitDependencyGeneratePcm arm64 /tmp/ui-goal04-20261006-azi78jzc/formal-pilot-preparation/native/derived/SDKExplicitPrecompiledModules/CoreVideo-ZTWZXN616XM0OXWXZQXLGYHC.pcm

SwiftExplicitDependencyGeneratePcm arm64 /tmp/ui-goal04-20261006-azi78jzc/formal-pilot-preparation/native/derived/SDKExplicitPrecompiledModules/CoreImage-1IZUQMPXP48ANEWPBOPMTAEDV.pcm

SwiftExplicitDependencyGeneratePcm arm64 /tmp/ui-goal04-20261006-azi78jzc/formal-pilot-preparation/native/derived/SDKExplicitPrecompiledModules/QuartzCore-CAR2DXKGJHYBS2DXQHUOXWMJI.pcm

SwiftExplicitDependencyGeneratePcm arm64 /tmp/ui-goal04-20261006-azi78jzc/formal-pilot-preparation/native/derived/SDKExplicitPrecompiledModules/CoreMedia-CT568RCPHX5C5653R0H45Y33R.pcm

SwiftExplicitDependencyGeneratePcm arm64 /tmp/ui-goal04-20261006-azi78jzc/formal-pilot-preparation/native/derived/SDKExplicitPrecompiledModules/SwiftUICore-2S21ZTFHC0BMA46DGVH92WPH9.pcm

SwiftExplicitDependencyGeneratePcm arm64 /tmp/ui-goal04-20261006-azi78jzc/formal-pilot-preparation/native/derived/SDKExplicitPrecompiledModules/UIKit-ANS6O62P285DG4JMW4NRKKA01.pcm

SwiftExplicitDependencyGeneratePcm arm64 /tmp/ui-goal04-20261006-azi78jzc/formal-pilot-preparation/native/derived/SDKExplicitPrecompiledModules/SwiftUI-9DQRAV0SR8H77B4HCV2PD8MMG.pcm

SwiftEmitModule normal arm64 Emitting\ module\ for\ CalculatorSwiftUI (in target 'CalculatorSwiftUI' from project 'CalculatorSwiftUI')

SwiftCompile normal arm64 (in target 'CalculatorSwiftUI' from project 'CalculatorSwiftUI')
    cd /tmp/ui-goal04-20261006-azi78jzc/formal-pilot-preparation/app
    

SwiftCompile normal arm64 Compiling\ ContentView.swift /tmp/ui-goal04-20261006-azi78jzc/formal-pilot-preparation/app/CalculatorSwiftUI/Views/ContentView.swift (in target 'CalculatorSwiftUI' from project 'CalculatorSwiftUI')

SwiftCompile normal arm64 /tmp/ui-goal04-20261006-azi78jzc/formal-pilot-preparation/app/CalculatorSwiftUI/Views/ContentView.swift (in target 'CalculatorSwiftUI' from project 'CalculatorSwiftUI')
    cd /tmp/ui-goal04-20261006-azi78jzc/formal-pilot-preparation/app
    builtin-SwiftPerFileCompile ContentView.swift

SwiftCompile normal arm64 Compiling\ FunctionView.swift /tmp/ui-goal04-20261006-azi78jzc/formal-pilot-preparation/app/CalculatorSwiftUI/Views/FunctionView.swift (in target 'CalculatorSwiftUI' from project 'CalculatorSwiftUI')

SwiftCompile normal arm64 /tmp/ui-goal04-20261006-azi78jzc/formal-pilot-preparation/app/CalculatorSwiftUI/Views/FunctionView.swift (in target 'CalculatorSwiftUI' from project 'CalculatorSwiftUI')
    cd /tmp/ui-goal04-20261006-azi78jzc/formal-pilot-preparation/app
    builtin-SwiftPerFileCompile FunctionView.swift

SwiftCompile normal arm64 Compiling\ NumberView.swift /tmp/ui-goal04-20261006-azi78jzc/formal-pilot-preparation/app/CalculatorSwiftUI/Views/NumberView.swift (in target 'CalculatorSwiftUI' from project 'CalculatorSwiftUI')

SwiftCompile normal arm64 /tmp/ui-goal04-20261006-azi78jzc/formal-pilot-preparation/app/CalculatorSwiftUI/Views/NumberView.swift (in target 'CalculatorSwiftUI' from project 'CalculatorSwiftUI')
    cd /tmp/ui-goal04-20261006-azi78jzc/formal-pilot-preparation/app
    builtin-SwiftPerFileCompile NumberView.swift

SwiftCompile normal arm64 Compiling\ ActionView.swift /tmp/ui-goal04-20261006-azi78jzc/formal-pilot-preparation/app/CalculatorSwiftUI/Views/ActionView.swift (in target 'CalculatorSwiftUI' from project 'CalculatorSwiftUI')

SwiftCompile normal arm64 /tmp/ui-goal04-20261006-azi78jzc/formal-pilot-preparation/app/CalculatorSwiftUI/Views/ActionView.swift (in target 'CalculatorSwiftUI' from project 'CalculatorSwiftUI')
    cd /tmp/ui-goal04-20261006-azi78jzc/formal-pilot-preparation/app
    builtin-SwiftPerFileCompile ActionView.swift

SwiftCompile normal arm64 Compiling\ AppDelegate.swift /tmp/ui-goal04-20261006-azi78jzc/formal-pilot-preparation/app/CalculatorSwiftUI/Application/AppDelegate.swift (in target 'CalculatorSwiftUI' from project 'CalculatorSwiftUI')

SwiftCompile normal arm64 /tmp/ui-goal04-20261006-azi78jzc/formal-pilot-preparation/app/CalculatorSwiftUI/Application/AppDelegate.swift (in target 'CalculatorSwiftUI' from project 'CalculatorSwiftUI')
    cd /tmp/ui-goal04-20261006-azi78jzc/formal-pilot-preparation/app
    builtin-SwiftPerFileCompile AppDelegate.swift

SwiftCompile normal arm64 Compiling\ SceneDelegate.swift /tmp/ui-goal04-20261006-azi78jzc/formal-pilot-preparation/app/CalculatorSwiftUI/Application/SceneDelegate.swift (in target 'CalculatorSwiftUI' from project 'CalculatorSwiftUI')

SwiftCompile normal arm64 /tmp/ui-goal04-20261006-azi78jzc/formal-pilot-preparation/app/CalculatorSwiftUI/Application/SceneDelegate.swift (in target 'CalculatorSwiftUI' from project 'CalculatorSwiftUI')
    cd /tmp/ui-goal04-20261006-azi78jzc/formal-pilot-preparation/app
    builtin-SwiftPerFileCompile SceneDelegate.swift

SwiftCompile normal arm64 Compiling\ CalculatorTokens.swift /tmp/ui-goal04-20261006-azi78jzc/formal-pilot-preparation/app/CalculatorSwiftUI/CalculatorTokens.swift (in target 'CalculatorSwiftUI' from project 'CalculatorSwiftUI')

SwiftCompile normal arm64 /tmp/ui-goal04-20261006-azi78jzc/formal-pilot-preparation/app/CalculatorSwiftUI/CalculatorTokens.swift (in target 'CalculatorSwiftUI' from project 'CalculatorSwiftUI')
    cd /tmp/ui-goal04-20261006-azi78jzc/formal-pilot-preparation/app
    builtin-SwiftPerFileCompile CalculatorTokens.swift

SwiftCompile normal arm64 Compiling\ GeneratedAssetSymbols.swift /tmp/ui-goal04-20261006-azi78jzc/formal-pilot-preparation/native/derived/Build/Intermediates.noindex/CalculatorSwiftUI.build/Debug-iphonesimulator/CalculatorSwiftUI.build/DerivedSources/GeneratedAssetSymbols.swift (in target 'CalculatorSwiftUI' from project 'CalculatorSwiftUI')

SwiftCompile normal arm64 /tmp/ui-goal04-20261006-azi78jzc/formal-pilot-preparation/native/derived/Build/Intermediates.noindex/CalculatorSwiftUI.build/Debug-iphonesimulator/CalculatorSwiftUI.build/DerivedSources/GeneratedAssetSymbols.swift (in target 'CalculatorSwiftUI' from project 'CalculatorSwiftUI')
    cd /tmp/ui-goal04-20261006-azi78jzc/formal-pilot-preparation/app
    builtin-SwiftPerFileCompile GeneratedAssetSymbols.swift

SwiftDriverJobDiscovery normal arm64 Emitting module for CalculatorSwiftUI (in target 'CalculatorSwiftUI' from project 'CalculatorSwiftUI')

SwiftDriver\ Compilation\ Requirements CalculatorSwiftUI normal arm64 com.apple.xcode.tools.swift.compiler (in target 'CalculatorSwiftUI' from project 'CalculatorSwiftUI')
    cd /tmp/ui-goal04-20261006-azi78jzc/formal-pilot-preparation/app
    builtin-Swift-Compilation-Requirements -- /Applications/Xcode-27.0.0.app/Contents/Developer/Toolchains/XcodeDefault.xctoolchain/usr/bin/swiftc -module-name CalculatorSwiftUI -Onone @/tmp/ui-goal04-20261006-azi78jzc/formal-pilot-preparation/native/derived/Build/Intermediates.noindex/CalculatorSwiftUI.build/Debug-iphonesimulator/CalculatorSwiftUI.build/Objects-normal/arm64/CalculatorSwiftUI.SwiftFileList -DDEBUG -enable-bare-slash-regex -enable-experimental-feature DebugDescriptionMacro -sdk /Applications/Xcode-27.0.0.app/Contents/Developer/Platforms/iPhoneSimulator.platform/Developer/SDKs/iPhoneSimulator27.0.sdk -target arm64-apple-ios15.0-simulator -g -module-cache-path /tmp/ui-goal04-20261006-azi78jzc/formal-pilot-preparation/native/derived/ModuleCache.noindex -Xfrontend -serialize-debugging-options -enable-testing -index-store-path /tmp/ui-goal04-20261006-azi78jzc/formal-pilot-preparation/native/derived/Index.noindex/DataStore -Xcc -D_LIBCPP_HARDENING_MODE\=_LIBCPP_HARDENING_MODE_DEBUG -swift-version 5 -I /tmp/ui-goal04-20261006-azi78jzc/formal-pilot-preparation/native/derived/Build/Products/Debug-iphonesimulator -F /tmp/ui-goal04-20261006-azi78jzc/formal-pilot-preparation/native/derived/Build/Products/Debug-iphonesimulator -c -j10 -enable-batch-mode -incremental -Xcc -ivfsstatcache -Xcc /tmp/ui-goal04-20261006-azi78jzc/formal-pilot-preparation/native/derived/SDKStatCaches.noindex/iphonesimulator27.0-24A430-e829b21a6f8c9b70876ba0858053c044e5777d08492bbb2b9a17b83f613657ee.sdkstatcache -output-file-map /tmp/ui-goal04-20261006-azi78jzc/formal-pilot-preparation/native/derived/Build/Intermediates.noindex/CalculatorSwiftUI.build/Debug-iphonesimulator/CalculatorSwiftUI.build/Objects-normal/arm64/CalculatorSwiftUI-OutputFileMap.json -save-temps -no-color-diagnostics -explicit-module-build -module-cache-path /tmp/ui-goal04-20261006-azi78jzc/formal-pilot-preparation/native/derived/Build/Intermediates.noindex/SwiftExplicitPrecompiledModules -clang-scanner-module-cache-path /tmp/ui-goal04-20261006-azi78jzc/formal-pilot-preparation/native/derived/ModuleCache.noindex -sdk-module-cache-path /tmp/ui-goal04-20261006-azi78jzc/formal-pilot-preparation/native/derived/SDKExplicitPrecompiledModules -emit-dependencies -emit-module -emit-module-path /tmp/ui-goal04-20261006-azi78jzc/formal-pilot-preparation/native/derived/Build/Intermediates.noindex/CalculatorSwiftUI.build/Debug-iphonesimulator/CalculatorSwiftUI.build/Objects-normal/arm64/CalculatorSwiftUI.swiftmodule -serialize-diagnostics -dependency-scan-serialize-diagnostics-path /tmp/ui-goal04-20261006-azi78jzc/formal-pilot-preparation/native/derived/Build/Intermediates.noindex/CalculatorSwiftUI.build/Debug-iphonesimulator/CalculatorSwiftUI.build/Objects-normal/arm64/CalculatorSwiftUI-dependency-scan.dia -validate-clang-modules-once -clang-build-session-file /tmp/ui-goal04-20261006-azi78jzc/formal-pilot-preparation/native/derived/ModuleCache.noindex/Session.modulevalidation -Xcc -fmodules-prune-interval\=86400 -Xcc -fmodules-prune-after\=345600 -emit-const-values -const-gather-protocols-list /tmp/ui-goal04-20261006-azi78jzc/formal-pilot-preparation/native/derived/Build/Intermediates.noindex/CalculatorSwiftUI.build/Debug-iphonesimulator/CalculatorSwiftUI.build/Objects-normal/arm64/CalculatorSwiftUI_const_extract_protocols.json -Xcc -iquote -Xcc /tmp/ui-goal04-20261006-azi78jzc/formal-pilot-preparation/native/derived/Build/Intermediates.noindex/CalculatorSwiftUI.build/Debug-iphonesimulator/CalculatorSwiftUI.build/CalculatorSwiftUI-generated-files.hmap -Xcc -I/tmp/ui-goal04-20261006-azi78jzc/formal-pilot-preparation/native/derived/Build/Intermediates.noindex/CalculatorSwiftUI.build/Debug-iphonesimulator/CalculatorSwiftUI.build/CalculatorSwiftUI-own-target-headers.hmap -Xcc -I/tmp/ui-goal04-20261006-azi78jzc/formal-pilot-preparation/native/derived/Build/Intermediates.noindex/CalculatorSwiftUI.build/Debug-iphonesimulator/CalculatorSwiftUI.build/CalculatorSwiftUI-all-target-headers.hmap -Xcc -iquote -Xcc /tmp/ui-goal04-20261006-azi78jzc/formal-pilot-preparation/native/derived/Build/Intermediates.noindex/CalculatorSwiftUI.build/Debug-iphonesimulator/CalculatorSwiftUI.build/CalculatorSwiftUI-project-headers.hmap -Xcc -I/tmp/ui-goal04-20261006-azi78jzc/formal-pilot-preparation/native/derived/Build/Products/Debug-iphonesimulator/include -Xcc -I/tmp/ui-goal04-20261006-azi78jzc/formal-pilot-preparation/native/derived/Build/Intermediates.noindex/CalculatorSwiftUI.build/Debug-iphonesimulator/CalculatorSwiftUI.build/DerivedSources-normal/arm64 -Xcc -I/tmp/ui-goal04-20261006-azi78jzc/formal-pilot-preparation/native/derived/Build/Intermediates.noindex/CalculatorSwiftUI.build/Debug-iphonesimulator/CalculatorSwiftUI.build/DerivedSources/arm64 -Xcc -I/tmp/ui-goal04-20261006-azi78jzc/formal-pilot-preparation/native/derived/Build/Intermediates.noindex/CalculatorSwiftUI.build/Debug-iphonesimulator/CalculatorSwiftUI.build/DerivedSources -Xcc -DDEBUG\=1 -emit-objc-header -emit-objc-header-path /tmp/ui-goal04-20261006-azi78jzc/formal-pilot-preparation/native/derived/Build/Intermediates.noindex/CalculatorSwiftUI.build/Debug-iphonesimulator/CalculatorSwiftUI.build/Objects-normal/arm64/CalculatorSwiftUI-Swift.h -working-directory /tmp/ui-goal04-20261006-azi78jzc/formal-pilot-preparation/app -experimental-emit-module-separately -disable-cmo

SwiftMergeGeneratedHeaders /tmp/ui-goal04-20261006-azi78jzc/formal-pilot-preparation/native/derived/Build/Intermediates.noindex/CalculatorSwiftUI.build/Debug-iphonesimulator/CalculatorSwiftUI.build/DerivedSources/CalculatorSwiftUI-Swift.h /tmp/ui-goal04-20261006-azi78jzc/formal-pilot-preparation/native/derived/Build/Intermediates.noindex/CalculatorSwiftUI.build/Debug-iphonesimulator/CalculatorSwiftUI.build/Objects-normal/arm64/CalculatorSwiftUI-Swift.h (in target 'CalculatorSwiftUI' from project 'CalculatorSwiftUI')
    cd /tmp/ui-goal04-20261006-azi78jzc/formal-pilot-preparation/app
    builtin-swiftHeaderTool -arch arm64 /tmp/ui-goal04-20261006-azi78jzc/formal-pilot-preparation/native/derived/Build/Intermediates.noindex/CalculatorSwiftUI.build/Debug-iphonesimulator/CalculatorSwiftUI.build/Objects-normal/arm64/CalculatorSwiftUI-Swift.h -o /tmp/ui-goal04-20261006-azi78jzc/formal-pilot-preparation/native/derived/Build/Intermediates.noindex/CalculatorSwiftUI.build/Debug-iphonesimulator/CalculatorSwiftUI.build/DerivedSources/CalculatorSwiftUI-Swift.h

Copy /tmp/ui-goal04-20261006-azi78jzc/formal-pilot-preparation/native/derived/Build/Products/Debug-iphonesimulator/CalculatorSwiftUI.swiftmodule/arm64-apple-ios-simulator.swiftmodule /tmp/ui-goal04-20261006-azi78jzc/formal-pilot-preparation/native/derived/Build/Intermediates.noindex/CalculatorSwiftUI.build/Debug-iphonesimulator/CalculatorSwiftUI.build/Objects-normal/arm64/CalculatorSwiftUI.swiftmodule (in target 'CalculatorSwiftUI' from project 'CalculatorSwiftUI')
    cd /tmp/ui-goal04-20261006-azi78jzc/formal-pilot-preparation/app
    builtin-copy -exclude .DS_Store -exclude CVS -exclude .svn -exclude .git -exclude .hg -resolve-src-symlinks -rename /tmp/ui-goal04-20261006-azi78jzc/formal-pilot-preparation/native/derived/Build/Intermediates.noindex/CalculatorSwiftUI.build/Debug-iphonesimulator/CalculatorSwiftUI.build/Objects-normal/arm64/CalculatorSwiftUI.swiftmodule /tmp/ui-goal04-20261006-azi78jzc/formal-pilot-preparation/native/derived/Build/Products/Debug-iphonesimulator/CalculatorSwiftUI.swiftmodule/arm64-apple-ios-simulator.swiftmodule

Copy /tmp/ui-goal04-20261006-azi78jzc/formal-pilot-preparation/native/derived/Build/Products/Debug-iphonesimulator/CalculatorSwiftUI.swiftmodule/arm64-apple-ios-simulator.swiftdoc /tmp/ui-goal04-20261006-azi78jzc/formal-pilot-preparation/native/derived/Build/Intermediates.noindex/CalculatorSwiftUI.build/Debug-iphonesimulator/CalculatorSwiftUI.build/Objects-normal/arm64/CalculatorSwiftUI.swiftdoc (in target 'CalculatorSwiftUI' from project 'CalculatorSwiftUI')
    cd /tmp/ui-goal04-20261006-azi78jzc/formal-pilot-preparation/app
    builtin-copy -exclude .DS_Store -exclude CVS -exclude .svn -exclude .git -exclude .hg -resolve-src-symlinks -rename /tmp/ui-goal04-20261006-azi78jzc/formal-pilot-preparation/native/derived/Build/Intermediates.noindex/CalculatorSwiftUI.build/Debug-iphonesimulator/CalculatorSwiftUI.build/Objects-normal/arm64/CalculatorSwiftUI.swiftdoc /tmp/ui-goal04-20261006-azi78jzc/formal-pilot-preparation/native/derived/Build/Products/Debug-iphonesimulator/CalculatorSwiftUI.swiftmodule/arm64-apple-ios-simulator.swiftdoc

Copy /tmp/ui-goal04-20261006-azi78jzc/formal-pilot-preparation/native/derived/Build/Products/Debug-iphonesimulator/CalculatorSwiftUI.swiftmodule/arm64-apple-ios-simulator.abi.json /tmp/ui-goal04-20261006-azi78jzc/formal-pilot-preparation/native/derived/Build/Intermediates.noindex/CalculatorSwiftUI.build/Debug-iphonesimulator/CalculatorSwiftUI.build/Objects-normal/arm64/CalculatorSwiftUI.abi.json (in target 'CalculatorSwiftUI' from project 'CalculatorSwiftUI')
    cd /tmp/ui-goal04-20261006-azi78jzc/formal-pilot-preparation/app
    builtin-copy -exclude .DS_Store -exclude CVS -exclude .svn -exclude .git -exclude .hg -resolve-src-symlinks -rename /tmp/ui-goal04-20261006-azi78jzc/formal-pilot-preparation/native/derived/Build/Intermediates.noindex/CalculatorSwiftUI.build/Debug-iphonesimulator/CalculatorSwiftUI.build/Objects-normal/arm64/CalculatorSwiftUI.abi.json /tmp/ui-goal04-20261006-azi78jzc/formal-pilot-preparation/native/derived/Build/Products/Debug-iphonesimulator/CalculatorSwiftUI.swiftmodule/arm64-apple-ios-simulator.abi.json

Copy /tmp/ui-goal04-20261006-azi78jzc/formal-pilot-preparation/native/derived/Build/Products/Debug-iphonesimulator/CalculatorSwiftUI.swiftmodule/Project/arm64-apple-ios-simulator.swiftsourceinfo /tmp/ui-goal04-20261006-azi78jzc/formal-pilot-preparation/native/derived/Build/Intermediates.noindex/CalculatorSwiftUI.build/Debug-iphonesimulator/CalculatorSwiftUI.build/Objects-normal/arm64/CalculatorSwiftUI.swiftsourceinfo (in target 'CalculatorSwiftUI' from project 'CalculatorSwiftUI')
    cd /tmp/ui-goal04-20261006-azi78jzc/formal-pilot-preparation/app
    builtin-copy -exclude .DS_Store -exclude CVS -exclude .svn -exclude .git -exclude .hg -resolve-src-symlinks -rename /tmp/ui-goal04-20261006-azi78jzc/formal-pilot-preparation/native/derived/Build/Intermediates.noindex/CalculatorSwiftUI.build/Debug-iphonesimulator/CalculatorSwiftUI.build/Objects-normal/arm64/CalculatorSwiftUI.swiftsourceinfo /tmp/ui-goal04-20261006-azi78jzc/formal-pilot-preparation/native/derived/Build/Products/Debug-iphonesimulator/CalculatorSwiftUI.swiftmodule/Project/arm64-apple-ios-simulator.swiftsourceinfo

SwiftDriverJobDiscovery normal arm64 Compiling AppDelegate.swift (in target 'CalculatorSwiftUI' from project 'CalculatorSwiftUI')

SwiftDriverJobDiscovery normal arm64 Compiling GeneratedAssetSymbols.swift (in target 'CalculatorSwiftUI' from project 'CalculatorSwiftUI')

SwiftDriverJobDiscovery normal arm64 Compiling NumberView.swift (in target 'CalculatorSwiftUI' from project 'CalculatorSwiftUI')

SwiftDriverJobDiscovery normal arm64 Compiling FunctionView.swift (in target 'CalculatorSwiftUI' from project 'CalculatorSwiftUI')

SwiftDriverJobDiscovery normal arm64 Compiling CalculatorTokens.swift (in target 'CalculatorSwiftUI' from project 'CalculatorSwiftUI')

SwiftDriverJobDiscovery normal arm64 Compiling ActionView.swift (in target 'CalculatorSwiftUI' from project 'CalculatorSwiftUI')

SwiftDriverJobDiscovery normal arm64 Compiling ContentView.swift (in target 'CalculatorSwiftUI' from project 'CalculatorSwiftUI')

SwiftDriverJobDiscovery normal arm64 Compiling SceneDelegate.swift (in target 'CalculatorSwiftUI' from project 'CalculatorSwiftUI')

SwiftDriver\ Compilation CalculatorSwiftUI normal arm64 com.apple.xcode.tools.swift.compiler (in target 'CalculatorSwiftUI' from project 'CalculatorSwiftUI')
    cd /tmp/ui-goal04-20261006-azi78jzc/formal-pilot-preparation/app
    builtin-Swift-Compilation -- /Applications/Xcode-27.0.0.app/Contents/Developer/Toolchains/XcodeDefault.xctoolchain/usr/bin/swiftc -module-name CalculatorSwiftUI -Onone @/tmp/ui-goal04-20261006-azi78jzc/formal-pilot-preparation/native/derived/Build/Intermediates.noindex/CalculatorSwiftUI.build/Debug-iphonesimulator/CalculatorSwiftUI.build/Objects-normal/arm64/CalculatorSwiftUI.SwiftFileList -DDEBUG -enable-bare-slash-regex -enable-experimental-feature DebugDescriptionMacro -sdk /Applications/Xcode-27.0.0.app/Contents/Developer/Platforms/iPhoneSimulator.platform/Developer/SDKs/iPhoneSimulator27.0.sdk -target arm64-apple-ios15.0-simulator -g -module-cache-path /tmp/ui-goal04-20261006-azi78jzc/formal-pilot-preparation/native/derived/ModuleCache.noindex -Xfrontend -serialize-debugging-options -enable-testing -index-store-path /tmp/ui-goal04-20261006-azi78jzc/formal-pilot-preparation/native/derived/Index.noindex/DataStore -Xcc -D_LIBCPP_HARDENING_MODE\=_LIBCPP_HARDENING_MODE_DEBUG -swift-version 5 -I /tmp/ui-goal04-20261006-azi78jzc/formal-pilot-preparation/native/derived/Build/Products/Debug-iphonesimulator -F /tmp/ui-goal04-20261006-azi78jzc/formal-pilot-preparation/native/derived/Build/Products/Debug-iphonesimulator -c -j10 -enable-batch-mode -incremental -Xcc -ivfsstatcache -Xcc /tmp/ui-goal04-20261006-azi78jzc/formal-pilot-preparation/native/derived/SDKStatCaches.noindex/iphonesimulator27.0-24A430-e829b21a6f8c9b70876ba0858053c044e5777d08492bbb2b9a17b83f613657ee.sdkstatcache -output-file-map /tmp/ui-goal04-20261006-azi78jzc/formal-pilot-preparation/native/derived/Build/Intermediates.noindex/CalculatorSwiftUI.build/Debug-iphonesimulator/CalculatorSwiftUI.build/Objects-normal/arm64/CalculatorSwiftUI-OutputFileMap.json -save-temps -no-color-diagnostics -explicit-module-build -module-cache-path /tmp/ui-goal04-20261006-azi78jzc/formal-pilot-preparation/native/derived/Build/Intermediates.noindex/SwiftExplicitPrecompiledModules -clang-scanner-module-cache-path /tmp/ui-goal04-20261006-azi78jzc/formal-pilot-preparation/native/derived/ModuleCache.noindex -sdk-module-cache-path /tmp/ui-goal04-20261006-azi78jzc/formal-pilot-preparation/native/derived/SDKExplicitPrecompiledModules -emit-dependencies -emit-module -emit-module-path /tmp/ui-goal04-20261006-azi78jzc/formal-pilot-preparation/native/derived/Build/Intermediates.noindex/CalculatorSwiftUI.build/Debug-iphonesimulator/CalculatorSwiftUI.build/Objects-normal/arm64/CalculatorSwiftUI.swiftmodule -serialize-diagnostics -dependency-scan-serialize-diagnostics-path /tmp/ui-goal04-20261006-azi78jzc/formal-pilot-preparation/native/derived/Build/Intermediates.noindex/CalculatorSwiftUI.build/Debug-iphonesimulator/CalculatorSwiftUI.build/Objects-normal/arm64/CalculatorSwiftUI-dependency-scan.dia -validate-clang-modules-once -clang-build-session-file /tmp/ui-goal04-20261006-azi78jzc/formal-pilot-preparation/native/derived/ModuleCache.noindex/Session.modulevalidation -Xcc -fmodules-prune-interval\=86400 -Xcc -fmodules-prune-after\=345600 -emit-const-values -const-gather-protocols-list /tmp/ui-goal04-20261006-azi78jzc/formal-pilot-preparation/native/derived/Build/Intermediates.noindex/CalculatorSwiftUI.build/Debug-iphonesimulator/CalculatorSwiftUI.build/Objects-normal/arm64/CalculatorSwiftUI_const_extract_protocols.json -Xcc -iquote -Xcc /tmp/ui-goal04-20261006-azi78jzc/formal-pilot-preparation/native/derived/Build/Intermediates.noindex/CalculatorSwiftUI.build/Debug-iphonesimulator/CalculatorSwiftUI.build/CalculatorSwiftUI-generated-files.hmap -Xcc -I/tmp/ui-goal04-20261006-azi78jzc/formal-pilot-preparation/native/derived/Build/Intermediates.noindex/CalculatorSwiftUI.build/Debug-iphonesimulator/CalculatorSwiftUI.build/CalculatorSwiftUI-own-target-headers.hmap -Xcc -I/tmp/ui-goal04-20261006-azi78jzc/formal-pilot-preparation/native/derived/Build/Intermediates.noindex/CalculatorSwiftUI.build/Debug-iphonesimulator/CalculatorSwiftUI.build/CalculatorSwiftUI-all-target-headers.hmap -Xcc -iquote -Xcc /tmp/ui-goal04-20261006-azi78jzc/formal-pilot-preparation/native/derived/Build/Intermediates.noindex/CalculatorSwiftUI.build/Debug-iphonesimulator/CalculatorSwiftUI.build/CalculatorSwiftUI-project-headers.hmap -Xcc -I/tmp/ui-goal04-20261006-azi78jzc/formal-pilot-preparation/native/derived/Build/Products/Debug-iphonesimulator/include -Xcc -I/tmp/ui-goal04-20261006-azi78jzc/formal-pilot-preparation/native/derived/Build/Intermediates.noindex/CalculatorSwiftUI.build/Debug-iphonesimulator/CalculatorSwiftUI.build/DerivedSources-normal/arm64 -Xcc -I/tmp/ui-goal04-20261006-azi78jzc/formal-pilot-preparation/native/derived/Build/Intermediates.noindex/CalculatorSwiftUI.build/Debug-iphonesimulator/CalculatorSwiftUI.build/DerivedSources/arm64 -Xcc -I/tmp/ui-goal04-20261006-azi78jzc/formal-pilot-preparation/native/derived/Build/Intermediates.noindex/CalculatorSwiftUI.build/Debug-iphonesimulator/CalculatorSwiftUI.build/DerivedSources -Xcc -DDEBUG\=1 -emit-objc-header -emit-objc-header-path /tmp/ui-goal04-20261006-azi78jzc/formal-pilot-preparation/native/derived/Build/Intermediates.noindex/CalculatorSwiftUI.build/Debug-iphonesimulator/CalculatorSwiftUI.build/Objects-normal/arm64/CalculatorSwiftUI-Swift.h -working-directory /tmp/ui-goal04-20261006-azi78jzc/formal-pilot-preparation/app -experimental-emit-module-separately -disable-cmo

Ld /tmp/ui-goal04-20261006-azi78jzc/formal-pilot-preparation/native/derived/Build/Products/Debug-iphonesimulator/CalculatorSwiftUI.app/CalculatorSwiftUI.debug.dylib normal (in target 'CalculatorSwiftUI' from project 'CalculatorSwiftUI')
    cd /tmp/ui-goal04-20261006-azi78jzc/formal-pilot-preparation/app
    /Applications/Xcode-27.0.0.app/Contents/Developer/Toolchains/XcodeDefault.xctoolchain/usr/bin/clang -Xlinker -reproducible -target arm64-apple-ios15.0-simulator -dynamiclib -isysroot /Applications/Xcode-27.0.0.app/Contents/Developer/Platforms/iPhoneSimulator.platform/Developer/SDKs/iPhoneSimulator27.0.sdk -O0 -Xlinker -no_warn_duplicate_libraries -L/tmp/ui-goal04-20261006-azi78jzc/formal-pilot-preparation/native/derived/Build/Intermediates.noindex/EagerLinkingTBDs/Debug-iphonesimulator -L/tmp/ui-goal04-20261006-azi78jzc/formal-pilot-preparation/native/derived/Build/Products/Debug-iphonesimulator -F/tmp/ui-goal04-20261006-azi78jzc/formal-pilot-preparation/native/derived/Build/Intermediates.noindex/EagerLinkingTBDs/Debug-iphonesimulator -F/tmp/ui-goal04-20261006-azi78jzc/formal-pilot-preparation/native/derived/Build/Products/Debug-iphonesimulator -filelist /tmp/ui-goal04-20261006-azi78jzc/formal-pilot-preparation/native/derived/Build/Intermediates.noindex/CalculatorSwiftUI.build/Debug-iphonesimulator/CalculatorSwiftUI.build/Objects-normal/arm64/CalculatorSwiftUI.LinkFileList -install_name @rpath/CalculatorSwiftUI.debug.dylib -Xlinker -rpath -Xlinker /usr/lib/swift -Xlinker -rpath -Xlinker @executable_path/Frameworks -Xlinker -dead_strip -Xlinker -object_path_lto -Xlinker /tmp/ui-goal04-20261006-azi78jzc/formal-pilot-preparation/native/derived/Build/Intermediates.noindex/CalculatorSwiftUI.build/Debug-iphonesimulator/CalculatorSwiftUI.build/Objects-normal/arm64/CalculatorSwiftUI_lto.o -rdynamic -Xlinker -no_deduplicate -Xlinker -objc_abi_version -Xlinker 2 -Xlinker -dependency_info -Xlinker /tmp/ui-goal04-20261006-azi78jzc/formal-pilot-preparation/native/derived/Build/Intermediates.noindex/CalculatorSwiftUI.build/Debug-iphonesimulator/CalculatorSwiftUI.build/Objects-normal/arm64/CalculatorSwiftUI_dependency_info.dat -fobjc-link-runtime -L/Applications/Xcode-27.0.0.app/Contents/Developer/Toolchains/XcodeDefault.xctoolchain/usr/lib/swift/iphonesimulator -L/usr/lib/swift -Xlinker -add_ast_path -Xlinker /tmp/ui-goal04-20261006-azi78jzc/formal-pilot-preparation/native/derived/Build/Intermediates.noindex/CalculatorSwiftUI.build/Debug-iphonesimulator/CalculatorSwiftUI.build/Objects-normal/arm64/CalculatorSwiftUI.swiftmodule -Xlinker -alias -Xlinker _main -Xlinker ___debug_main_executable_dylib_entry_point -o /tmp/ui-goal04-20261006-azi78jzc/formal-pilot-preparation/native/derived/Build/Products/Debug-iphonesimulator/CalculatorSwiftUI.app/CalculatorSwiftUI.debug.dylib

ConstructStubExecutorLinkFileList /tmp/ui-goal04-20261006-azi78jzc/formal-pilot-preparation/native/derived/Build/Intermediates.noindex/CalculatorSwiftUI.build/Debug-iphonesimulator/CalculatorSwiftUI.build/CalculatorSwiftUI-ExecutorLinkFileList-normal-arm64.txt (in target 'CalculatorSwiftUI' from project 'CalculatorSwiftUI')
    cd /tmp/ui-goal04-20261006-azi78jzc/formal-pilot-preparation/app
    construct-stub-executor-link-file-list /tmp/ui-goal04-20261006-azi78jzc/formal-pilot-preparation/native/derived/Build/Products/Debug-iphonesimulator/CalculatorSwiftUI.app/CalculatorSwiftUI.debug.dylib /Applications/Xcode-27.0.0.app/Contents/Developer/Platforms/iPhoneSimulator.platform/Developer/usr/lib/libPreviewsJITStubExecutor_no_swift_entry_point.a /Applications/Xcode-27.0.0.app/Contents/Developer/Platforms/iPhoneSimulator.platform/Developer/usr/lib/libPreviewsJITStubExecutor.a --output /tmp/ui-goal04-20261006-azi78jzc/formal-pilot-preparation/native/derived/Build/Intermediates.noindex/CalculatorSwiftUI.build/Debug-iphonesimulator/CalculatorSwiftUI.build/CalculatorSwiftUI-ExecutorLinkFileList-normal-arm64.txt
note: Using stub executor library with Swift entry point. (in target 'CalculatorSwiftUI' from project 'CalculatorSwiftUI')

Ld /tmp/ui-goal04-20261006-azi78jzc/formal-pilot-preparation/native/derived/Build/Products/Debug-iphonesimulator/CalculatorSwiftUI.app/CalculatorSwiftUI normal (in target 'CalculatorSwiftUI' from project 'CalculatorSwiftUI')
    cd /tmp/ui-goal04-20261006-azi78jzc/formal-pilot-preparation/app
    /Applications/Xcode-27.0.0.app/Contents/Developer/Toolchains/XcodeDefault.xctoolchain/usr/bin/clang -Xlinker -reproducible -target arm64-apple-ios15.0-simulator -isysroot /Applications/Xcode-27.0.0.app/Contents/Developer/Platforms/iPhoneSimulator.platform/Developer/SDKs/iPhoneSimulator27.0.sdk -O0 -Xlinker -no_warn_duplicate_libraries -L/tmp/ui-goal04-20261006-azi78jzc/formal-pilot-preparation/native/derived/Build/Products/Debug-iphonesimulator -F/tmp/ui-goal04-20261006-azi78jzc/formal-pilot-preparation/native/derived/Build/Products/Debug-iphonesimulator -Xlinker -rpath -Xlinker @executable_path -Xlinker -rpath -Xlinker @executable_path/Frameworks -rdynamic -Xlinker -no_deduplicate -Xlinker -objc_abi_version -Xlinker 2 -e ___debug_blank_executor_main -Xlinker -sectcreate -Xlinker __TEXT -Xlinker __debug_dylib -Xlinker /tmp/ui-goal04-20261006-azi78jzc/formal-pilot-preparation/native/derived/Build/Intermediates.noindex/CalculatorSwiftUI.build/Debug-iphonesimulator/CalculatorSwiftUI.build/CalculatorSwiftUI-DebugDylibPath-normal-arm64.txt -Xlinker -sectcreate -Xlinker __TEXT -Xlinker __debug_instlnm -Xlinker /tmp/ui-goal04-20261006-azi78jzc/formal-pilot-preparation/native/derived/Build/Intermediates.noindex/CalculatorSwiftUI.build/Debug-iphonesimulator/CalculatorSwiftUI.build/CalculatorSwiftUI-DebugDylibInstallName-normal-arm64.txt -Xlinker -filelist -Xlinker /tmp/ui-goal04-20261006-azi78jzc/formal-pilot-preparation/native/derived/Build/Intermediates.noindex/CalculatorSwiftUI.build/Debug-iphonesimulator/CalculatorSwiftUI.build/CalculatorSwiftUI-ExecutorLinkFileList-normal-arm64.txt /tmp/ui-goal04-20261006-azi78jzc/formal-pilot-preparation/native/derived/Build/Products/Debug-iphonesimulator/CalculatorSwiftUI.app/CalculatorSwiftUI.debug.dylib -o /tmp/ui-goal04-20261006-azi78jzc/formal-pilot-preparation/native/derived/Build/Products/Debug-iphonesimulator/CalculatorSwiftUI.app/CalculatorSwiftUI

ExtractAppIntentsMetadata (in target 'CalculatorSwiftUI' from project 'CalculatorSwiftUI')
    cd /tmp/ui-goal04-20261006-azi78jzc/formal-pilot-preparation/app
    /Applications/Xcode-27.0.0.app/Contents/Developer/Toolchains/XcodeDefault.xctoolchain/usr/bin/appintentsmetadataprocessor --toolchain-dir /var/run/com.apple.security.cryptexd/mnt/com.apple.MobileAsset.MetalToolchain-v27.1.266.1.qyTB3S/Metal.xctoolchain --module-name CalculatorSwiftUI --sdk-root /Applications/Xcode-27.0.0.app/Contents/Developer/Platforms/iPhoneSimulator.platform/Developer/SDKs/iPhoneSimulator27.0.sdk --xcode-version 27A266a --platform-family iOS --deployment-target 15.0 --bundle-identifier TAROKH.CalculatorSwiftUI --output /tmp/ui-goal04-20261006-azi78jzc/formal-pilot-preparation/native/derived/Build/Products/Debug-iphonesimulator/CalculatorSwiftUI.app --target-triple arm64-apple-ios15.0-simulator --binary-file /tmp/ui-goal04-20261006-azi78jzc/formal-pilot-preparation/native/derived/Build/Products/Debug-iphonesimulator/CalculatorSwiftUI.app/CalculatorSwiftUI --dependency-file /tmp/ui-goal04-20261006-azi78jzc/formal-pilot-preparation/native/derived/Build/Intermediates.noindex/CalculatorSwiftUI.build/Debug-iphonesimulator/CalculatorSwiftUI.build/Objects-normal/arm64/CalculatorSwiftUI_dependency_info.dat --stringsdata-file /tmp/ui-goal04-20261006-azi78jzc/formal-pilot-preparation/native/derived/Build/Intermediates.noindex/CalculatorSwiftUI.build/Debug-iphonesimulator/CalculatorSwiftUI.build/Objects-normal/arm64/ExtractedAppShortcutsMetadata.stringsdata --source-file-list /tmp/ui-goal04-20261006-azi78jzc/formal-pilot-preparation/native/derived/Build/Intermediates.noindex/CalculatorSwiftUI.build/Debug-iphonesimulator/CalculatorSwiftUI.build/Objects-normal/arm64/CalculatorSwiftUI.SwiftFileList --metadata-file-list /tmp/ui-goal04-20261006-azi78jzc/formal-pilot-preparation/native/derived/Build/Intermediates.noindex/CalculatorSwiftUI.build/Debug-iphonesimulator/CalculatorSwiftUI.build/CalculatorSwiftUI.DependencyMetadataFileList --static-metadata-file-list /tmp/ui-goal04-20261006-azi78jzc/formal-pilot-preparation/native/derived/Build/Intermediates.noindex/CalculatorSwiftUI.build/Debug-iphonesimulator/CalculatorSwiftUI.build/CalculatorSwiftUI.DependencyStaticMetadataFileList --swift-const-vals-list /tmp/ui-goal04-20261006-azi78jzc/formal-pilot-preparation/native/derived/Build/Intermediates.noindex/CalculatorSwiftUI.build/Debug-iphonesimulator/CalculatorSwiftUI.build/Objects-normal/arm64/CalculatorSwiftUI.SwiftConstValuesFileList --compile-time-extraction --deployment-aware-processing --no-app-shortcuts-localization
2026-10-08 14:26:01.786 appintentsmetadataprocessor[95308:12787503] Starting appintentsmetadataprocessor export
2026-10-08 14:26:01.792 appintentsmetadataprocessor[95308:12787503] warning: Metadata extraction skipped, no AppIntents.framework dependency found

CopySwiftLibs /tmp/ui-goal04-20261006-azi78jzc/formal-pilot-preparation/native/derived/Build/Products/Debug-iphonesimulator/CalculatorSwiftUI.app (in target 'CalculatorSwiftUI' from project 'CalculatorSwiftUI')
    cd /tmp/ui-goal04-20261006-azi78jzc/formal-pilot-preparation/app
    builtin-swiftStdLibTool --copy --verbose --scan-executable /tmp/ui-goal04-20261006-azi78jzc/formal-pilot-preparation/native/derived/Build/Products/Debug-iphonesimulator/CalculatorSwiftUI.app/CalculatorSwiftUI.debug.dylib --scan-folder /tmp/ui-goal04-20261006-azi78jzc/formal-pilot-preparation/native/derived/Build/Products/Debug-iphonesimulator/CalculatorSwiftUI.app/Frameworks --scan-folder /tmp/ui-goal04-20261006-azi78jzc/formal-pilot-preparation/native/derived/Build/Products/Debug-iphonesimulator/CalculatorSwiftUI.app/PlugIns --scan-folder /tmp/ui-goal04-20261006-azi78jzc/formal-pilot-preparation/native/derived/Build/Products/Debug-iphonesimulator/CalculatorSwiftUI.app/SystemExtensions --scan-folder /tmp/ui-goal04-20261006-azi78jzc/formal-pilot-preparation/native/derived/Build/Products/Debug-iphonesimulator/CalculatorSwiftUI.app/Extensions --platform iphonesimulator --toolchain /var/run/com.apple.security.cryptexd/mnt/com.apple.MobileAsset.MetalToolchain-v27.1.266.1.qyTB3S/Metal.xctoolchain --toolchain /Applications/Xcode-27.0.0.app/Contents/Developer/Toolchains/XcodeDefault.xctoolchain --destination /tmp/ui-goal04-20261006-azi78jzc/formal-pilot-preparation/native/derived/Build/Products/Debug-iphonesimulator/CalculatorSwiftUI.app/Frameworks --strip-bitcode --strip-bitcode-tool /Applications/Xcode-27.0.0.app/Contents/Developer/Toolchains/XcodeDefault.xctoolchain/usr/bin/bitcode_strip --emit-dependency-info /tmp/ui-goal04-20261006-azi78jzc/formal-pilot-preparation/native/derived/Build/Intermediates.noindex/CalculatorSwiftUI.build/Debug-iphonesimulator/CalculatorSwiftUI.build/SwiftStdLibToolInputDependencies.dep --filter-for-swift-os
Ignoring --strip-bitcode because --sign was not passed

AppIntentsSSUTraining (in target 'CalculatorSwiftUI' from project 'CalculatorSwiftUI')
    cd /tmp/ui-goal04-20261006-azi78jzc/formal-pilot-preparation/app
    /Applications/Xcode-27.0.0.app/Contents/Developer/Toolchains/XcodeDefault.xctoolchain/usr/bin/appintentsnltrainingprocessor --infoplist-path /tmp/ui-goal04-20261006-azi78jzc/formal-pilot-preparation/native/derived/Build/Products/Debug-iphonesimulator/CalculatorSwiftUI.app/Info.plist --temp-dir-path /tmp/ui-goal04-20261006-azi78jzc/formal-pilot-preparation/native/derived/Build/Intermediates.noindex/CalculatorSwiftUI.build/Debug-iphonesimulator/CalculatorSwiftUI.build/ssu --bundle-id TAROKH.CalculatorSwiftUI --product-path /tmp/ui-goal04-20261006-azi78jzc/formal-pilot-preparation/native/derived/Build/Products/Debug-iphonesimulator/CalculatorSwiftUI.app --extracted-metadata-path /tmp/ui-goal04-20261006-azi78jzc/formal-pilot-preparation/native/derived/Build/Products/Debug-iphonesimulator/CalculatorSwiftUI.app/Metadata.appintents --metadata-file-list /tmp/ui-goal04-20261006-azi78jzc/formal-pilot-preparation/native/derived/Build/Intermediates.noindex/CalculatorSwiftUI.build/Debug-iphonesimulator/CalculatorSwiftUI.build/CalculatorSwiftUI.DependencyMetadataFileList --source-file /tmp/ui-goal04-20261006-azi78jzc/formal-pilot-preparation/native/derived/Build/Products/Debug-iphonesimulator/CalculatorSwiftUI.app/Info.plist --archive-ssu-assets
2026-10-08 14:26:01.830 appintentsnltrainingprocessor[95309:12787509] Parsing options for appintentsnltrainingprocessor
2026-10-08 14:26:01.830 appintentsnltrainingprocessor[95309:12787509] Starting AppIntents SSU YAML Generation
2026-10-08 14:26:01.834 appintentsnltrainingprocessor[95309:12787509] No AppShortcuts found - Skipping.

WriteAuxiliaryFile /tmp/ui-goal04-20261006-azi78jzc/formal-pilot-preparation/native/derived/Build/Intermediates.noindex/CalculatorSwiftUI.build/Debug-iphonesimulator/CalculatorTests.build/empty-CalculatorTests.plist (in target 'CalculatorTests' from project 'CalculatorSwiftUI')
    cd /tmp/ui-goal04-20261006-azi78jzc/formal-pilot-preparation/app
    write-file /tmp/ui-goal04-20261006-azi78jzc/formal-pilot-preparation/native/derived/Build/Intermediates.noindex/CalculatorSwiftUI.build/Debug-iphonesimulator/CalculatorTests.build/empty-CalculatorTests.plist

WriteAuxiliaryFile /tmp/ui-goal04-20261006-azi78jzc/formal-pilot-preparation/native/derived/Build/Intermediates.noindex/CalculatorSwiftUI.build/Debug-iphonesimulator/CalculatorTests.build/Objects-normal/arm64/CalculatorTests_const_extract_protocols.json (in target 'CalculatorTests' from project 'CalculatorSwiftUI')
    cd /tmp/ui-goal04-20261006-azi78jzc/formal-pilot-preparation/app
    write-file /tmp/ui-goal04-20261006-azi78jzc/formal-pilot-preparation/native/derived/Build/Intermediates.noindex/CalculatorSwiftUI.build/Debug-iphonesimulator/CalculatorTests.build/Objects-normal/arm64/CalculatorTests_const_extract_protocols.json

WriteAuxiliaryFile /tmp/ui-goal04-20261006-azi78jzc/formal-pilot-preparation/native/derived/Build/Intermediates.noindex/CalculatorSwiftUI.build/Debug-iphonesimulator/CalculatorTests.build/Objects-normal/arm64/CalculatorTests.SwiftFileList (in target 'CalculatorTests' from project 'CalculatorSwiftUI')
    cd /tmp/ui-goal04-20261006-azi78jzc/formal-pilot-preparation/app
    write-file /tmp/ui-goal04-20261006-azi78jzc/formal-pilot-preparation/native/derived/Build/Intermediates.noindex/CalculatorSwiftUI.build/Debug-iphonesimulator/CalculatorTests.build/Objects-normal/arm64/CalculatorTests.SwiftFileList

WriteAuxiliaryFile /tmp/ui-goal04-20261006-azi78jzc/formal-pilot-preparation/native/derived/Build/Intermediates.noindex/CalculatorSwiftUI.build/Debug-iphonesimulator/CalculatorTests.build/Objects-normal/arm64/CalculatorTests.SwiftConstValuesFileList (in target 'CalculatorTests' from project 'CalculatorSwiftUI')
    cd /tmp/ui-goal04-20261006-azi78jzc/formal-pilot-preparation/app
    write-file /tmp/ui-goal04-20261006-azi78jzc/formal-pilot-preparation/native/derived/Build/Intermediates.noindex/CalculatorSwiftUI.build/Debug-iphonesimulator/CalculatorTests.build/Objects-normal/arm64/CalculatorTests.SwiftConstValuesFileList

WriteAuxiliaryFile /tmp/ui-goal04-20261006-azi78jzc/formal-pilot-preparation/native/derived/Build/Intermediates.noindex/CalculatorSwiftUI.build/Debug-iphonesimulator/CalculatorTests.build/Objects-normal/arm64/CalculatorTests.LinkFileList (in target 'CalculatorTests' from project 'CalculatorSwiftUI')
    cd /tmp/ui-goal04-20261006-azi78jzc/formal-pilot-preparation/app
    write-file /tmp/ui-goal04-20261006-azi78jzc/formal-pilot-preparation/native/derived/Build/Intermediates.noindex/CalculatorSwiftUI.build/Debug-iphonesimulator/CalculatorTests.build/Objects-normal/arm64/CalculatorTests.LinkFileList

WriteAuxiliaryFile /tmp/ui-goal04-20261006-azi78jzc/formal-pilot-preparation/native/derived/Build/Intermediates.noindex/CalculatorSwiftUI.build/Debug-iphonesimulator/CalculatorTests.build/Objects-normal/arm64/CalculatorTests-OutputFileMap.json (in target 'CalculatorTests' from project 'CalculatorSwiftUI')
    cd /tmp/ui-goal04-20261006-azi78jzc/formal-pilot-preparation/app
    write-file /tmp/ui-goal04-20261006-azi78jzc/formal-pilot-preparation/native/derived/Build/Intermediates.noindex/CalculatorSwiftUI.build/Debug-iphonesimulator/CalculatorTests.build/Objects-normal/arm64/CalculatorTests-OutputFileMap.json

WriteAuxiliaryFile /tmp/ui-goal04-20261006-azi78jzc/formal-pilot-preparation/native/derived/Build/Intermediates.noindex/CalculatorSwiftUI.build/Debug-iphonesimulator/CalculatorTests.build/CalculatorTests.hmap (in target 'CalculatorTests' from project 'CalculatorSwiftUI')
    cd /tmp/ui-goal04-20261006-azi78jzc/formal-pilot-preparation/app
    write-file /tmp/ui-goal04-20261006-azi78jzc/formal-pilot-preparation/native/derived/Build/Intermediates.noindex/CalculatorSwiftUI.build/Debug-iphonesimulator/CalculatorTests.build/CalculatorTests.hmap

WriteAuxiliaryFile /tmp/ui-goal04-20261006-azi78jzc/formal-pilot-preparation/native/derived/Build/Intermediates.noindex/CalculatorSwiftUI.build/Debug-iphonesimulator/CalculatorTests.build/CalculatorTests.DependencyStaticMetadataFileList (in target 'CalculatorTests' from project 'CalculatorSwiftUI')
    cd /tmp/ui-goal04-20261006-azi78jzc/formal-pilot-preparation/app
    write-file /tmp/ui-goal04-20261006-azi78jzc/formal-pilot-preparation/native/derived/Build/Intermediates.noindex/CalculatorSwiftUI.build/Debug-iphonesimulator/CalculatorTests.build/CalculatorTests.DependencyStaticMetadataFileList

WriteAuxiliaryFile /tmp/ui-goal04-20261006-azi78jzc/formal-pilot-preparation/native/derived/Build/Intermediates.noindex/CalculatorSwiftUI.build/Debug-iphonesimulator/CalculatorTests.build/CalculatorTests.DependencyMetadataFileList (in target 'CalculatorTests' from project 'CalculatorSwiftUI')
    cd /tmp/ui-goal04-20261006-azi78jzc/formal-pilot-preparation/app
    write-file /tmp/ui-goal04-20261006-azi78jzc/formal-pilot-preparation/native/derived/Build/Intermediates.noindex/CalculatorSwiftUI.build/Debug-iphonesimulator/CalculatorTests.build/CalculatorTests.DependencyMetadataFileList

WriteAuxiliaryFile /tmp/ui-goal04-20261006-azi78jzc/formal-pilot-preparation/native/derived/Build/Intermediates.noindex/CalculatorSwiftUI.build/Debug-iphonesimulator/CalculatorTests.build/CalculatorTests-project-headers.hmap (in target 'CalculatorTests' from project 'CalculatorSwiftUI')
    cd /tmp/ui-goal04-20261006-azi78jzc/formal-pilot-preparation/app
    write-file /tmp/ui-goal04-20261006-azi78jzc/formal-pilot-preparation/native/derived/Build/Intermediates.noindex/CalculatorSwiftUI.build/Debug-iphonesimulator/CalculatorTests.build/CalculatorTests-project-headers.hmap

WriteAuxiliaryFile /tmp/ui-goal04-20261006-azi78jzc/formal-pilot-preparation/native/derived/Build/Intermediates.noindex/CalculatorSwiftUI.build/Debug-iphonesimulator/CalculatorTests.build/CalculatorTests-own-target-headers.hmap (in target 'CalculatorTests' from project 'CalculatorSwiftUI')
    cd /tmp/ui-goal04-20261006-azi78jzc/formal-pilot-preparation/app
    write-file /tmp/ui-goal04-20261006-azi78jzc/formal-pilot-preparation/native/derived/Build/Intermediates.noindex/CalculatorSwiftUI.build/Debug-iphonesimulator/CalculatorTests.build/CalculatorTests-own-target-headers.hmap

WriteAuxiliaryFile /tmp/ui-goal04-20261006-azi78jzc/formal-pilot-preparation/native/derived/Build/Intermediates.noindex/CalculatorSwiftUI.build/Debug-iphonesimulator/CalculatorTests.build/CalculatorTests-generated-files.hmap (in target 'CalculatorTests' from project 'CalculatorSwiftUI')
    cd /tmp/ui-goal04-20261006-azi78jzc/formal-pilot-preparation/app
    write-file /tmp/ui-goal04-20261006-azi78jzc/formal-pilot-preparation/native/derived/Build/Intermediates.noindex/CalculatorSwiftUI.build/Debug-iphonesimulator/CalculatorTests.build/CalculatorTests-generated-files.hmap

WriteAuxiliaryFile /tmp/ui-goal04-20261006-azi78jzc/formal-pilot-preparation/native/derived/Build/Intermediates.noindex/CalculatorSwiftUI.build/Debug-iphonesimulator/CalculatorTests.build/CalculatorTests-all-target-headers.hmap (in target 'CalculatorTests' from project 'CalculatorSwiftUI')
    cd /tmp/ui-goal04-20261006-azi78jzc/formal-pilot-preparation/app
    write-file /tmp/ui-goal04-20261006-azi78jzc/formal-pilot-preparation/native/derived/Build/Intermediates.noindex/CalculatorSwiftUI.build/Debug-iphonesimulator/CalculatorTests.build/CalculatorTests-all-target-headers.hmap

WriteAuxiliaryFile /tmp/ui-goal04-20261006-azi78jzc/formal-pilot-preparation/native/derived/Build/Intermediates.noindex/CalculatorSwiftUI.build/Debug-iphonesimulator/CalculatorTests.build/CalculatorTests-all-non-framework-target-headers.hmap (in target 'CalculatorTests' from project 'CalculatorSwiftUI')
    cd /tmp/ui-goal04-20261006-azi78jzc/formal-pilot-preparation/app
    write-file /tmp/ui-goal04-20261006-azi78jzc/formal-pilot-preparation/native/derived/Build/Intermediates.noindex/CalculatorSwiftUI.build/Debug-iphonesimulator/CalculatorTests.build/CalculatorTests-all-non-framework-target-headers.hmap

MkDir /tmp/ui-goal04-20261006-azi78jzc/formal-pilot-preparation/native/derived/Build/Products/Debug-iphonesimulator/CalculatorSwiftUI.app/PlugIns/CalculatorTests.xctest (in target 'CalculatorTests' from project 'CalculatorSwiftUI')
    cd /tmp/ui-goal04-20261006-azi78jzc/formal-pilot-preparation/app
    /bin/mkdir -p /tmp/ui-goal04-20261006-azi78jzc/formal-pilot-preparation/native/derived/Build/Products/Debug-iphonesimulator/CalculatorSwiftUI.app/PlugIns/CalculatorTests.xctest

SwiftDriver CalculatorTests normal arm64 com.apple.xcode.tools.swift.compiler (in target 'CalculatorTests' from project 'CalculatorSwiftUI')
    cd /tmp/ui-goal04-20261006-azi78jzc/formal-pilot-preparation/app
    builtin-SwiftDriver -- /Applications/Xcode-27.0.0.app/Contents/Developer/Toolchains/XcodeDefault.xctoolchain/usr/bin/swiftc -module-name CalculatorTests -Onone @/tmp/ui-goal04-20261006-azi78jzc/formal-pilot-preparation/native/derived/Build/Intermediates.noindex/CalculatorSwiftUI.build/Debug-iphonesimulator/CalculatorTests.build/Objects-normal/arm64/CalculatorTests.SwiftFileList -DDEBUG -plugin-path /Applications/Xcode-27.0.0.app/Contents/Developer/Toolchains/XcodeDefault.xctoolchain/usr/lib/swift/host/plugins/testing -enable-bare-slash-regex -enable-experimental-feature DebugDescriptionMacro -sdk /Applications/Xcode-27.0.0.app/Contents/Developer/Platforms/iPhoneSimulator.platform/Developer/SDKs/iPhoneSimulator27.0.sdk -target arm64-apple-ios15.0-simulator -g -module-cache-path /tmp/ui-goal04-20261006-azi78jzc/formal-pilot-preparation/native/derived/ModuleCache.noindex -Xfrontend -serialize-debugging-options -enable-testing -index-store-path /tmp/ui-goal04-20261006-azi78jzc/formal-pilot-preparation/native/derived/Index.noindex/DataStore -Xcc -D_LIBCPP_HARDENING_MODE\=_LIBCPP_HARDENING_MODE_DEBUG -swift-version 5 -I /tmp/ui-goal04-20261006-azi78jzc/formal-pilot-preparation/native/derived/Build/Products/Debug-iphonesimulator -Isystem /Applications/Xcode-27.0.0.app/Contents/Developer/Platforms/iPhoneSimulator.platform/Developer/usr/lib -F /tmp/ui-goal04-20261006-azi78jzc/formal-pilot-preparation/native/derived/Build/Products/Debug-iphonesimulator -F /Applications/Xcode-27.0.0.app/Contents/Developer/Platforms/iPhoneSimulator.platform/Developer/Library/Frameworks -F /Applications/Xcode-27.0.0.app/Contents/Developer/Platforms/iPhoneSimulator.platform/Developer/SDKs/iPhoneSimulator27.0.sdk/Developer/Library/Frameworks -c -j10 -enable-batch-mode -incremental -Xcc -ivfsstatcache -Xcc /tmp/ui-goal04-20261006-azi78jzc/formal-pilot-preparation/native/derived/SDKStatCaches.noindex/iphonesimulator27.0-24A430-e829b21a6f8c9b70876ba0858053c044e5777d08492bbb2b9a17b83f613657ee.sdkstatcache -output-file-map /tmp/ui-goal04-20261006-azi78jzc/formal-pilot-preparation/native/derived/Build/Intermediates.noindex/CalculatorSwiftUI.build/Debug-iphonesimulator/CalculatorTests.build/Objects-normal/arm64/CalculatorTests-OutputFileMap.json -save-temps -no-color-diagnostics -explicit-module-build -module-cache-path /tmp/ui-goal04-20261006-azi78jzc/formal-pilot-preparation/native/derived/Build/Intermediates.noindex/SwiftExplicitPrecompiledModules -clang-scanner-module-cache-path /tmp/ui-goal04-20261006-azi78jzc/formal-pilot-preparation/native/derived/ModuleCache.noindex -sdk-module-cache-path /tmp/ui-goal04-20261006-azi78jzc/formal-pilot-preparation/native/derived/SDKExplicitPrecompiledModules -emit-dependencies -emit-module -emit-module-path /tmp/ui-goal04-20261006-azi78jzc/formal-pilot-preparation/native/derived/Build/Intermediates.noindex/CalculatorSwiftUI.build/Debug-iphonesimulator/CalculatorTests.build/Objects-normal/arm64/CalculatorTests.swiftmodule -serialize-diagnostics -dependency-scan-serialize-diagnostics-path /tmp/ui-goal04-20261006-azi78jzc/formal-pilot-preparation/native/derived/Build/Intermediates.noindex/CalculatorSwiftUI.build/Debug-iphonesimulator/CalculatorTests.build/Objects-normal/arm64/CalculatorTests-dependency-scan.dia -validate-clang-modules-once -clang-build-session-file /tmp/ui-goal04-20261006-azi78jzc/formal-pilot-preparation/native/derived/ModuleCache.noindex/Session.modulevalidation -Xcc -fmodules-prune-interval\=86400 -Xcc -fmodules-prune-after\=345600 -emit-const-values -const-gather-protocols-list /tmp/ui-goal04-20261006-azi78jzc/formal-pilot-preparation/native/derived/Build/Intermediates.noindex/CalculatorSwiftUI.build/Debug-iphonesimulator/CalculatorTests.build/Objects-normal/arm64/CalculatorTests_const_extract_protocols.json -Xcc -iquote -Xcc /tmp/ui-goal04-20261006-azi78jzc/formal-pilot-preparation/native/derived/Build/Intermediates.noindex/CalculatorSwiftUI.build/Debug-iphonesimulator/CalculatorTests.build/CalculatorTests-generated-files.hmap -Xcc -I/tmp/ui-goal04-20261006-azi78jzc/formal-pilot-preparation/native/derived/Build/Intermediates.noindex/CalculatorSwiftUI.build/Debug-iphonesimulator/CalculatorTests.build/CalculatorTests-own-target-headers.hmap -Xcc -I/tmp/ui-goal04-20261006-azi78jzc/formal-pilot-preparation/native/derived/Build/Intermediates.noindex/CalculatorSwiftUI.build/Debug-iphonesimulator/CalculatorTests.build/CalculatorTests-all-target-headers.hmap -Xcc -iquote -Xcc /tmp/ui-goal04-20261006-azi78jzc/formal-pilot-preparation/native/derived/Build/Intermediates.noindex/CalculatorSwiftUI.build/Debug-iphonesimulator/CalculatorTests.build/CalculatorTests-project-headers.hmap -Xcc -I/tmp/ui-goal04-20261006-azi78jzc/formal-pilot-preparation/native/derived/Build/Products/Debug-iphonesimulator/include -Xcc -I/tmp/ui-goal04-20261006-azi78jzc/formal-pilot-preparation/native/derived/Build/Intermediates.noindex/CalculatorSwiftUI.build/Debug-iphonesimulator/CalculatorTests.build/DerivedSources-normal/arm64 -Xcc -I/tmp/ui-goal04-20261006-azi78jzc/formal-pilot-preparation/native/derived/Build/Intermediates.noindex/CalculatorSwiftUI.build/Debug-iphonesimulator/CalculatorTests.build/DerivedSources/arm64 -Xcc -I/tmp/ui-goal04-20261006-azi78jzc/formal-pilot-preparation/native/derived/Build/Intermediates.noindex/CalculatorSwiftUI.build/Debug-iphonesimulator/CalculatorTests.build/DerivedSources -Xcc -DDEBUG\=1 -emit-objc-header -emit-objc-header-path /tmp/ui-goal04-20261006-azi78jzc/formal-pilot-preparation/native/derived/Build/Intermediates.noindex/CalculatorSwiftUI.build/Debug-iphonesimulator/CalculatorTests.build/Objects-normal/arm64/CalculatorTests-Swift.h -working-directory /tmp/ui-goal04-20261006-azi78jzc/formal-pilot-preparation/app -experimental-emit-module-separately -disable-cmo

ProcessInfoPlistFile /tmp/ui-goal04-20261006-azi78jzc/formal-pilot-preparation/native/derived/Build/Products/Debug-iphonesimulator/CalculatorSwiftUI.app/PlugIns/CalculatorTests.xctest/Info.plist /tmp/ui-goal04-20261006-azi78jzc/formal-pilot-preparation/native/derived/Build/Intermediates.noindex/CalculatorSwiftUI.build/Debug-iphonesimulator/CalculatorTests.build/empty-CalculatorTests.plist (in target 'CalculatorTests' from project 'CalculatorSwiftUI')
    cd /tmp/ui-goal04-20261006-azi78jzc/formal-pilot-preparation/app
    builtin-infoPlistUtility /tmp/ui-goal04-20261006-azi78jzc/formal-pilot-preparation/native/derived/Build/Intermediates.noindex/CalculatorSwiftUI.build/Debug-iphonesimulator/CalculatorTests.build/empty-CalculatorTests.plist -producttype com.apple.product-type.bundle.unit-test -expandbuildsettings -format binary -platform iphonesimulator -o /tmp/ui-goal04-20261006-azi78jzc/formal-pilot-preparation/native/derived/Build/Products/Debug-iphonesimulator/CalculatorSwiftUI.app/PlugIns/CalculatorTests.xctest/Info.plist

CpResource /tmp/ui-goal04-20261006-azi78jzc/formal-pilot-preparation/native/derived/Build/Products/Debug-iphonesimulator/CalculatorSwiftUI.app/PlugIns/CalculatorTests.xctest/approved-tokens.json /tmp/ui-goal04-20261006-azi78jzc/formal-pilot-preparation/app/CalculatorTests/approved-tokens.json (in target 'CalculatorTests' from project 'CalculatorSwiftUI')
    cd /tmp/ui-goal04-20261006-azi78jzc/formal-pilot-preparation/app
    builtin-copy -exclude .DS_Store -exclude CVS -exclude .svn -exclude .git -exclude .hg -resolve-src-symlinks /tmp/ui-goal04-20261006-azi78jzc/formal-pilot-preparation/app/CalculatorTests/approved-tokens.json /tmp/ui-goal04-20261006-azi78jzc/formal-pilot-preparation/native/derived/Build/Products/Debug-iphonesimulator/CalculatorSwiftUI.app/PlugIns/CalculatorTests.xctest

SwiftExplicitDependencyGeneratePcm arm64 /tmp/ui-goal04-20261006-azi78jzc/formal-pilot-preparation/native/derived/Build/Intermediates.noindex/SwiftExplicitPrecompiledModules/XCUIAutomation-E221B71TRTPTV3TPALLHNC750.pcm

SwiftExplicitDependencyGeneratePcm arm64 /tmp/ui-goal04-20261006-azi78jzc/formal-pilot-preparation/native/derived/SDKExplicitPrecompiledModules/LocalAuthentication-4YGQA7BPG7WVRZTSBP17B9ZCC.pcm

SwiftExplicitDependencyGeneratePcm arm64 /tmp/ui-goal04-20261006-azi78jzc/formal-pilot-preparation/native/derived/Build/Intermediates.noindex/SwiftExplicitPrecompiledModules/XCTest-CGWWF209S2HFRXI3802YKFG1I.pcm

SwiftExplicitDependencyCompileModuleFromInterface arm64 /tmp/ui-goal04-20261006-azi78jzc/formal-pilot-preparation/native/derived/Build/Intermediates.noindex/SwiftExplicitPrecompiledModules/XCUIAutomation-3FN0EI93FYP3R.swiftmodule

SwiftExplicitDependencyCompileModuleFromInterface arm64 /tmp/ui-goal04-20261006-azi78jzc/formal-pilot-preparation/native/derived/Build/Intermediates.noindex/SwiftExplicitPrecompiledModules/XCTest-1RZYSIO2W0SBG.swiftmodule

SwiftEmitModule normal arm64 Emitting\ module\ for\ CalculatorTests (in target 'CalculatorTests' from project 'CalculatorSwiftUI')

SwiftCompile normal arm64 (in target 'CalculatorTests' from project 'CalculatorSwiftUI')
    cd /tmp/ui-goal04-20261006-azi78jzc/formal-pilot-preparation/app
    

SwiftCompile normal arm64 Compiling\ CalculatorTokensTests.swift /tmp/ui-goal04-20261006-azi78jzc/formal-pilot-preparation/app/CalculatorTests/CalculatorTokensTests.swift (in target 'CalculatorTests' from project 'CalculatorSwiftUI')

SwiftCompile normal arm64 /tmp/ui-goal04-20261006-azi78jzc/formal-pilot-preparation/app/CalculatorTests/CalculatorTokensTests.swift (in target 'CalculatorTests' from project 'CalculatorSwiftUI')
    cd /tmp/ui-goal04-20261006-azi78jzc/formal-pilot-preparation/app
    builtin-SwiftPerFileCompile CalculatorTokensTests.swift

SwiftCompile normal arm64 Compiling\ CalculationRegressionTests.swift /tmp/ui-goal04-20261006-azi78jzc/formal-pilot-preparation/app/CalculatorTests/CalculationRegressionTests.swift (in target 'CalculatorTests' from project 'CalculatorSwiftUI')

SwiftCompile normal arm64 /tmp/ui-goal04-20261006-azi78jzc/formal-pilot-preparation/app/CalculatorTests/CalculationRegressionTests.swift (in target 'CalculatorTests' from project 'CalculatorSwiftUI')
    cd /tmp/ui-goal04-20261006-azi78jzc/formal-pilot-preparation/app
    builtin-SwiftPerFileCompile CalculationRegressionTests.swift

SwiftDriverJobDiscovery normal arm64 Emitting module for CalculatorTests (in target 'CalculatorTests' from project 'CalculatorSwiftUI')

SwiftDriver\ Compilation\ Requirements CalculatorTests normal arm64 com.apple.xcode.tools.swift.compiler (in target 'CalculatorTests' from project 'CalculatorSwiftUI')
    cd /tmp/ui-goal04-20261006-azi78jzc/formal-pilot-preparation/app
    builtin-Swift-Compilation-Requirements -- /Applications/Xcode-27.0.0.app/Contents/Developer/Toolchains/XcodeDefault.xctoolchain/usr/bin/swiftc -module-name CalculatorTests -Onone @/tmp/ui-goal04-20261006-azi78jzc/formal-pilot-preparation/native/derived/Build/Intermediates.noindex/CalculatorSwiftUI.build/Debug-iphonesimulator/CalculatorTests.build/Objects-normal/arm64/CalculatorTests.SwiftFileList -DDEBUG -plugin-path /Applications/Xcode-27.0.0.app/Contents/Developer/Toolchains/XcodeDefault.xctoolchain/usr/lib/swift/host/plugins/testing -enable-bare-slash-regex -enable-experimental-feature DebugDescriptionMacro -sdk /Applications/Xcode-27.0.0.app/Contents/Developer/Platforms/iPhoneSimulator.platform/Developer/SDKs/iPhoneSimulator27.0.sdk -target arm64-apple-ios15.0-simulator -g -module-cache-path /tmp/ui-goal04-20261006-azi78jzc/formal-pilot-preparation/native/derived/ModuleCache.noindex -Xfrontend -serialize-debugging-options -enable-testing -index-store-path /tmp/ui-goal04-20261006-azi78jzc/formal-pilot-preparation/native/derived/Index.noindex/DataStore -Xcc -D_LIBCPP_HARDENING_MODE\=_LIBCPP_HARDENING_MODE_DEBUG -swift-version 5 -I /tmp/ui-goal04-20261006-azi78jzc/formal-pilot-preparation/native/derived/Build/Products/Debug-iphonesimulator -Isystem /Applications/Xcode-27.0.0.app/Contents/Developer/Platforms/iPhoneSimulator.platform/Developer/usr/lib -F /tmp/ui-goal04-20261006-azi78jzc/formal-pilot-preparation/native/derived/Build/Products/Debug-iphonesimulator -F /Applications/Xcode-27.0.0.app/Contents/Developer/Platforms/iPhoneSimulator.platform/Developer/Library/Frameworks -F /Applications/Xcode-27.0.0.app/Contents/Developer/Platforms/iPhoneSimulator.platform/Developer/SDKs/iPhoneSimulator27.0.sdk/Developer/Library/Frameworks -c -j10 -enable-batch-mode -incremental -Xcc -ivfsstatcache -Xcc /tmp/ui-goal04-20261006-azi78jzc/formal-pilot-preparation/native/derived/SDKStatCaches.noindex/iphonesimulator27.0-24A430-e829b21a6f8c9b70876ba0858053c044e5777d08492bbb2b9a17b83f613657ee.sdkstatcache -output-file-map /tmp/ui-goal04-20261006-azi78jzc/formal-pilot-preparation/native/derived/Build/Intermediates.noindex/CalculatorSwiftUI.build/Debug-iphonesimulator/CalculatorTests.build/Objects-normal/arm64/CalculatorTests-OutputFileMap.json -save-temps -no-color-diagnostics -explicit-module-build -module-cache-path /tmp/ui-goal04-20261006-azi78jzc/formal-pilot-preparation/native/derived/Build/Intermediates.noindex/SwiftExplicitPrecompiledModules -clang-scanner-module-cache-path /tmp/ui-goal04-20261006-azi78jzc/formal-pilot-preparation/native/derived/ModuleCache.noindex -sdk-module-cache-path /tmp/ui-goal04-20261006-azi78jzc/formal-pilot-preparation/native/derived/SDKExplicitPrecompiledModules -emit-dependencies -emit-module -emit-module-path /tmp/ui-goal04-20261006-azi78jzc/formal-pilot-preparation/native/derived/Build/Intermediates.noindex/CalculatorSwiftUI.build/Debug-iphonesimulator/CalculatorTests.build/Objects-normal/arm64/CalculatorTests.swiftmodule -serialize-diagnostics -dependency-scan-serialize-diagnostics-path /tmp/ui-goal04-20261006-azi78jzc/formal-pilot-preparation/native/derived/Build/Intermediates.noindex/CalculatorSwiftUI.build/Debug-iphonesimulator/CalculatorTests.build/Objects-normal/arm64/CalculatorTests-dependency-scan.dia -validate-clang-modules-once -clang-build-session-file /tmp/ui-goal04-20261006-azi78jzc/formal-pilot-preparation/native/derived/ModuleCache.noindex/Session.modulevalidation -Xcc -fmodules-prune-interval\=86400 -Xcc -fmodules-prune-after\=345600 -emit-const-values -const-gather-protocols-list /tmp/ui-goal04-20261006-azi78jzc/formal-pilot-preparation/native/derived/Build/Intermediates.noindex/CalculatorSwiftUI.build/Debug-iphonesimulator/CalculatorTests.build/Objects-normal/arm64/CalculatorTests_const_extract_protocols.json -Xcc -iquote -Xcc /tmp/ui-goal04-20261006-azi78jzc/formal-pilot-preparation/native/derived/Build/Intermediates.noindex/CalculatorSwiftUI.build/Debug-iphonesimulator/CalculatorTests.build/CalculatorTests-generated-files.hmap -Xcc -I/tmp/ui-goal04-20261006-azi78jzc/formal-pilot-preparation/native/derived/Build/Intermediates.noindex/CalculatorSwiftUI.build/Debug-iphonesimulator/CalculatorTests.build/CalculatorTests-own-target-headers.hmap -Xcc -I/tmp/ui-goal04-20261006-azi78jzc/formal-pilot-preparation/native/derived/Build/Intermediates.noindex/CalculatorSwiftUI.build/Debug-iphonesimulator/CalculatorTests.build/CalculatorTests-all-target-headers.hmap -Xcc -iquote -Xcc /tmp/ui-goal04-20261006-azi78jzc/formal-pilot-preparation/native/derived/Build/Intermediates.noindex/CalculatorSwiftUI.build/Debug-iphonesimulator/CalculatorTests.build/CalculatorTests-project-headers.hmap -Xcc -I/tmp/ui-goal04-20261006-azi78jzc/formal-pilot-preparation/native/derived/Build/Products/Debug-iphonesimulator/include -Xcc -I/tmp/ui-goal04-20261006-azi78jzc/formal-pilot-preparation/native/derived/Build/Intermediates.noindex/CalculatorSwiftUI.build/Debug-iphonesimulator/CalculatorTests.build/DerivedSources-normal/arm64 -Xcc -I/tmp/ui-goal04-20261006-azi78jzc/formal-pilot-preparation/native/derived/Build/Intermediates.noindex/CalculatorSwiftUI.build/Debug-iphonesimulator/CalculatorTests.build/DerivedSources/arm64 -Xcc -I/tmp/ui-goal04-20261006-azi78jzc/formal-pilot-preparation/native/derived/Build/Intermediates.noindex/CalculatorSwiftUI.build/Debug-iphonesimulator/CalculatorTests.build/DerivedSources -Xcc -DDEBUG\=1 -emit-objc-header -emit-objc-header-path /tmp/ui-goal04-20261006-azi78jzc/formal-pilot-preparation/native/derived/Build/Intermediates.noindex/CalculatorSwiftUI.build/Debug-iphonesimulator/CalculatorTests.build/Objects-normal/arm64/CalculatorTests-Swift.h -working-directory /tmp/ui-goal04-20261006-azi78jzc/formal-pilot-preparation/app -experimental-emit-module-separately -disable-cmo

SwiftMergeGeneratedHeaders /tmp/ui-goal04-20261006-azi78jzc/formal-pilot-preparation/native/derived/Build/Intermediates.noindex/CalculatorSwiftUI.build/Debug-iphonesimulator/CalculatorTests.build/DerivedSources/CalculatorTests-Swift.h /tmp/ui-goal04-20261006-azi78jzc/formal-pilot-preparation/native/derived/Build/Intermediates.noindex/CalculatorSwiftUI.build/Debug-iphonesimulator/CalculatorTests.build/Objects-normal/arm64/CalculatorTests-Swift.h (in target 'CalculatorTests' from project 'CalculatorSwiftUI')
    cd /tmp/ui-goal04-20261006-azi78jzc/formal-pilot-preparation/app
    builtin-swiftHeaderTool -arch arm64 /tmp/ui-goal04-20261006-azi78jzc/formal-pilot-preparation/native/derived/Build/Intermediates.noindex/CalculatorSwiftUI.build/Debug-iphonesimulator/CalculatorTests.build/Objects-normal/arm64/CalculatorTests-Swift.h -o /tmp/ui-goal04-20261006-azi78jzc/formal-pilot-preparation/native/derived/Build/Intermediates.noindex/CalculatorSwiftUI.build/Debug-iphonesimulator/CalculatorTests.build/DerivedSources/CalculatorTests-Swift.h

Copy /tmp/ui-goal04-20261006-azi78jzc/formal-pilot-preparation/native/derived/Build/Products/Debug-iphonesimulator/CalculatorTests.swiftmodule/arm64-apple-ios-simulator.abi.json /tmp/ui-goal04-20261006-azi78jzc/formal-pilot-preparation/native/derived/Build/Intermediates.noindex/CalculatorSwiftUI.build/Debug-iphonesimulator/CalculatorTests.build/Objects-normal/arm64/CalculatorTests.abi.json (in target 'CalculatorTests' from project 'CalculatorSwiftUI')
    cd /tmp/ui-goal04-20261006-azi78jzc/formal-pilot-preparation/app
    builtin-copy -exclude .DS_Store -exclude CVS -exclude .svn -exclude .git -exclude .hg -resolve-src-symlinks -rename /tmp/ui-goal04-20261006-azi78jzc/formal-pilot-preparation/native/derived/Build/Intermediates.noindex/CalculatorSwiftUI.build/Debug-iphonesimulator/CalculatorTests.build/Objects-normal/arm64/CalculatorTests.abi.json /tmp/ui-goal04-20261006-azi78jzc/formal-pilot-preparation/native/derived/Build/Products/Debug-iphonesimulator/CalculatorTests.swiftmodule/arm64-apple-ios-simulator.abi.json

Copy /tmp/ui-goal04-20261006-azi78jzc/formal-pilot-preparation/native/derived/Build/Products/Debug-iphonesimulator/CalculatorTests.swiftmodule/arm64-apple-ios-simulator.swiftmodule /tmp/ui-goal04-20261006-azi78jzc/formal-pilot-preparation/native/derived/Build/Intermediates.noindex/CalculatorSwiftUI.build/Debug-iphonesimulator/CalculatorTests.build/Objects-normal/arm64/CalculatorTests.swiftmodule (in target 'CalculatorTests' from project 'CalculatorSwiftUI')
    cd /tmp/ui-goal04-20261006-azi78jzc/formal-pilot-preparation/app
    builtin-copy -exclude .DS_Store -exclude CVS -exclude .svn -exclude .git -exclude .hg -resolve-src-symlinks -rename /tmp/ui-goal04-20261006-azi78jzc/formal-pilot-preparation/native/derived/Build/Intermediates.noindex/CalculatorSwiftUI.build/Debug-iphonesimulator/CalculatorTests.build/Objects-normal/arm64/CalculatorTests.swiftmodule /tmp/ui-goal04-20261006-azi78jzc/formal-pilot-preparation/native/derived/Build/Products/Debug-iphonesimulator/CalculatorTests.swiftmodule/arm64-apple-ios-simulator.swiftmodule

Copy /tmp/ui-goal04-20261006-azi78jzc/formal-pilot-preparation/native/derived/Build/Products/Debug-iphonesimulator/CalculatorTests.swiftmodule/Project/arm64-apple-ios-simulator.swiftsourceinfo /tmp/ui-goal04-20261006-azi78jzc/formal-pilot-preparation/native/derived/Build/Intermediates.noindex/CalculatorSwiftUI.build/Debug-iphonesimulator/CalculatorTests.build/Objects-normal/arm64/CalculatorTests.swiftsourceinfo (in target 'CalculatorTests' from project 'CalculatorSwiftUI')
    cd /tmp/ui-goal04-20261006-azi78jzc/formal-pilot-preparation/app
    builtin-copy -exclude .DS_Store -exclude CVS -exclude .svn -exclude .git -exclude .hg -resolve-src-symlinks -rename /tmp/ui-goal04-20261006-azi78jzc/formal-pilot-preparation/native/derived/Build/Intermediates.noindex/CalculatorSwiftUI.build/Debug-iphonesimulator/CalculatorTests.build/Objects-normal/arm64/CalculatorTests.swiftsourceinfo /tmp/ui-goal04-20261006-azi78jzc/formal-pilot-preparation/native/derived/Build/Products/Debug-iphonesimulator/CalculatorTests.swiftmodule/Project/arm64-apple-ios-simulator.swiftsourceinfo

Copy /tmp/ui-goal04-20261006-azi78jzc/formal-pilot-preparation/native/derived/Build/Products/Debug-iphonesimulator/CalculatorTests.swiftmodule/arm64-apple-ios-simulator.swiftdoc /tmp/ui-goal04-20261006-azi78jzc/formal-pilot-preparation/native/derived/Build/Intermediates.noindex/CalculatorSwiftUI.build/Debug-iphonesimulator/CalculatorTests.build/Objects-normal/arm64/CalculatorTests.swiftdoc (in target 'CalculatorTests' from project 'CalculatorSwiftUI')
    cd /tmp/ui-goal04-20261006-azi78jzc/formal-pilot-preparation/app
    builtin-copy -exclude .DS_Store -exclude CVS -exclude .svn -exclude .git -exclude .hg -resolve-src-symlinks -rename /tmp/ui-goal04-20261006-azi78jzc/formal-pilot-preparation/native/derived/Build/Intermediates.noindex/CalculatorSwiftUI.build/Debug-iphonesimulator/CalculatorTests.build/Objects-normal/arm64/CalculatorTests.swiftdoc /tmp/ui-goal04-20261006-azi78jzc/formal-pilot-preparation/native/derived/Build/Products/Debug-iphonesimulator/CalculatorTests.swiftmodule/arm64-apple-ios-simulator.swiftdoc

SwiftDriverJobDiscovery normal arm64 Compiling CalculationRegressionTests.swift (in target 'CalculatorTests' from project 'CalculatorSwiftUI')

SwiftDriverJobDiscovery normal arm64 Compiling CalculatorTokensTests.swift (in target 'CalculatorTests' from project 'CalculatorSwiftUI')

SwiftDriver\ Compilation CalculatorTests normal arm64 com.apple.xcode.tools.swift.compiler (in target 'CalculatorTests' from project 'CalculatorSwiftUI')
    cd /tmp/ui-goal04-20261006-azi78jzc/formal-pilot-preparation/app
    builtin-Swift-Compilation -- /Applications/Xcode-27.0.0.app/Contents/Developer/Toolchains/XcodeDefault.xctoolchain/usr/bin/swiftc -module-name CalculatorTests -Onone @/tmp/ui-goal04-20261006-azi78jzc/formal-pilot-preparation/native/derived/Build/Intermediates.noindex/CalculatorSwiftUI.build/Debug-iphonesimulator/CalculatorTests.build/Objects-normal/arm64/CalculatorTests.SwiftFileList -DDEBUG -plugin-path /Applications/Xcode-27.0.0.app/Contents/Developer/Toolchains/XcodeDefault.xctoolchain/usr/lib/swift/host/plugins/testing -enable-bare-slash-regex -enable-experimental-feature DebugDescriptionMacro -sdk /Applications/Xcode-27.0.0.app/Contents/Developer/Platforms/iPhoneSimulator.platform/Developer/SDKs/iPhoneSimulator27.0.sdk -target arm64-apple-ios15.0-simulator -g -module-cache-path /tmp/ui-goal04-20261006-azi78jzc/formal-pilot-preparation/native/derived/ModuleCache.noindex -Xfrontend -serialize-debugging-options -enable-testing -index-store-path /tmp/ui-goal04-20261006-azi78jzc/formal-pilot-preparation/native/derived/Index.noindex/DataStore -Xcc -D_LIBCPP_HARDENING_MODE\=_LIBCPP_HARDENING_MODE_DEBUG -swift-version 5 -I /tmp/ui-goal04-20261006-azi78jzc/formal-pilot-preparation/native/derived/Build/Products/Debug-iphonesimulator -Isystem /Applications/Xcode-27.0.0.app/Contents/Developer/Platforms/iPhoneSimulator.platform/Developer/usr/lib -F /tmp/ui-goal04-20261006-azi78jzc/formal-pilot-preparation/native/derived/Build/Products/Debug-iphonesimulator -F /Applications/Xcode-27.0.0.app/Contents/Developer/Platforms/iPhoneSimulator.platform/Developer/Library/Frameworks -F /Applications/Xcode-27.0.0.app/Contents/Developer/Platforms/iPhoneSimulator.platform/Developer/SDKs/iPhoneSimulator27.0.sdk/Developer/Library/Frameworks -c -j10 -enable-batch-mode -incremental -Xcc -ivfsstatcache -Xcc /tmp/ui-goal04-20261006-azi78jzc/formal-pilot-preparation/native/derived/SDKStatCaches.noindex/iphonesimulator27.0-24A430-e829b21a6f8c9b70876ba0858053c044e5777d08492bbb2b9a17b83f613657ee.sdkstatcache -output-file-map /tmp/ui-goal04-20261006-azi78jzc/formal-pilot-preparation/native/derived/Build/Intermediates.noindex/CalculatorSwiftUI.build/Debug-iphonesimulator/CalculatorTests.build/Objects-normal/arm64/CalculatorTests-OutputFileMap.json -save-temps -no-color-diagnostics -explicit-module-build -module-cache-path /tmp/ui-goal04-20261006-azi78jzc/formal-pilot-preparation/native/derived/Build/Intermediates.noindex/SwiftExplicitPrecompiledModules -clang-scanner-module-cache-path /tmp/ui-goal04-20261006-azi78jzc/formal-pilot-preparation/native/derived/ModuleCache.noindex -sdk-module-cache-path /tmp/ui-goal04-20261006-azi78jzc/formal-pilot-preparation/native/derived/SDKExplicitPrecompiledModules -emit-dependencies -emit-module -emit-module-path /tmp/ui-goal04-20261006-azi78jzc/formal-pilot-preparation/native/derived/Build/Intermediates.noindex/CalculatorSwiftUI.build/Debug-iphonesimulator/CalculatorTests.build/Objects-normal/arm64/CalculatorTests.swiftmodule -serialize-diagnostics -dependency-scan-serialize-diagnostics-path /tmp/ui-goal04-20261006-azi78jzc/formal-pilot-preparation/native/derived/Build/Intermediates.noindex/CalculatorSwiftUI.build/Debug-iphonesimulator/CalculatorTests.build/Objects-normal/arm64/CalculatorTests-dependency-scan.dia -validate-clang-modules-once -clang-build-session-file /tmp/ui-goal04-20261006-azi78jzc/formal-pilot-preparation/native/derived/ModuleCache.noindex/Session.modulevalidation -Xcc -fmodules-prune-interval\=86400 -Xcc -fmodules-prune-after\=345600 -emit-const-values -const-gather-protocols-list /tmp/ui-goal04-20261006-azi78jzc/formal-pilot-preparation/native/derived/Build/Intermediates.noindex/CalculatorSwiftUI.build/Debug-iphonesimulator/CalculatorTests.build/Objects-normal/arm64/CalculatorTests_const_extract_protocols.json -Xcc -iquote -Xcc /tmp/ui-goal04-20261006-azi78jzc/formal-pilot-preparation/native/derived/Build/Intermediates.noindex/CalculatorSwiftUI.build/Debug-iphonesimulator/CalculatorTests.build/CalculatorTests-generated-files.hmap -Xcc -I/tmp/ui-goal04-20261006-azi78jzc/formal-pilot-preparation/native/derived/Build/Intermediates.noindex/CalculatorSwiftUI.build/Debug-iphonesimulator/CalculatorTests.build/CalculatorTests-own-target-headers.hmap -Xcc -I/tmp/ui-goal04-20261006-azi78jzc/formal-pilot-preparation/native/derived/Build/Intermediates.noindex/CalculatorSwiftUI.build/Debug-iphonesimulator/CalculatorTests.build/CalculatorTests-all-target-headers.hmap -Xcc -iquote -Xcc /tmp/ui-goal04-20261006-azi78jzc/formal-pilot-preparation/native/derived/Build/Intermediates.noindex/CalculatorSwiftUI.build/Debug-iphonesimulator/CalculatorTests.build/CalculatorTests-project-headers.hmap -Xcc -I/tmp/ui-goal04-20261006-azi78jzc/formal-pilot-preparation/native/derived/Build/Products/Debug-iphonesimulator/include -Xcc -I/tmp/ui-goal04-20261006-azi78jzc/formal-pilot-preparation/native/derived/Build/Intermediates.noindex/CalculatorSwiftUI.build/Debug-iphonesimulator/CalculatorTests.build/DerivedSources-normal/arm64 -Xcc -I/tmp/ui-goal04-20261006-azi78jzc/formal-pilot-preparation/native/derived/Build/Intermediates.noindex/CalculatorSwiftUI.build/Debug-iphonesimulator/CalculatorTests.build/DerivedSources/arm64 -Xcc -I/tmp/ui-goal04-20261006-azi78jzc/formal-pilot-preparation/native/derived/Build/Intermediates.noindex/CalculatorSwiftUI.build/Debug-iphonesimulator/CalculatorTests.build/DerivedSources -Xcc -DDEBUG\=1 -emit-objc-header -emit-objc-header-path /tmp/ui-goal04-20261006-azi78jzc/formal-pilot-preparation/native/derived/Build/Intermediates.noindex/CalculatorSwiftUI.build/Debug-iphonesimulator/CalculatorTests.build/Objects-normal/arm64/CalculatorTests-Swift.h -working-directory /tmp/ui-goal04-20261006-azi78jzc/formal-pilot-preparation/app -experimental-emit-module-separately -disable-cmo

Ld /tmp/ui-goal04-20261006-azi78jzc/formal-pilot-preparation/native/derived/Build/Products/Debug-iphonesimulator/CalculatorSwiftUI.app/PlugIns/CalculatorTests.xctest/CalculatorTests normal (in target 'CalculatorTests' from project 'CalculatorSwiftUI')
    cd /tmp/ui-goal04-20261006-azi78jzc/formal-pilot-preparation/app
    /Applications/Xcode-27.0.0.app/Contents/Developer/Toolchains/XcodeDefault.xctoolchain/usr/bin/clang -Xlinker -reproducible -target arm64-apple-ios15.0-simulator -bundle -isysroot /Applications/Xcode-27.0.0.app/Contents/Developer/Platforms/iPhoneSimulator.platform/Developer/SDKs/iPhoneSimulator27.0.sdk -O0 -Xlinker -no_warn_duplicate_libraries -L/tmp/ui-goal04-20261006-azi78jzc/formal-pilot-preparation/native/derived/Build/Intermediates.noindex/EagerLinkingTBDs/Debug-iphonesimulator -L/tmp/ui-goal04-20261006-azi78jzc/formal-pilot-preparation/native/derived/Build/Products/Debug-iphonesimulator -L/Applications/Xcode-27.0.0.app/Contents/Developer/Platforms/iPhoneSimulator.platform/Developer/usr/lib -F/tmp/ui-goal04-20261006-azi78jzc/formal-pilot-preparation/native/derived/Build/Intermediates.noindex/EagerLinkingTBDs/Debug-iphonesimulator -F/tmp/ui-goal04-20261006-azi78jzc/formal-pilot-preparation/native/derived/Build/Products/Debug-iphonesimulator -iframework /Applications/Xcode-27.0.0.app/Contents/Developer/Platforms/iPhoneSimulator.platform/Developer/Library/Frameworks -iframework /Applications/Xcode-27.0.0.app/Contents/Developer/Platforms/iPhoneSimulator.platform/Developer/SDKs/iPhoneSimulator27.0.sdk/Developer/Library/Frameworks -filelist /tmp/ui-goal04-20261006-azi78jzc/formal-pilot-preparation/native/derived/Build/Intermediates.noindex/CalculatorSwiftUI.build/Debug-iphonesimulator/CalculatorTests.build/Objects-normal/arm64/CalculatorTests.LinkFileList -Xlinker -rpath -Xlinker /usr/lib/swift -Xlinker -rpath -Xlinker @loader_path/Frameworks -Xlinker -rpath -Xlinker @executable_path/Frameworks -Xlinker -dead_strip -bundle_loader /tmp/ui-goal04-20261006-azi78jzc/formal-pilot-preparation/native/derived/Build/Products/Debug-iphonesimulator/CalculatorSwiftUI.app/CalculatorSwiftUI -Xlinker -object_path_lto -Xlinker /tmp/ui-goal04-20261006-azi78jzc/formal-pilot-preparation/native/derived/Build/Intermediates.noindex/CalculatorSwiftUI.build/Debug-iphonesimulator/CalculatorTests.build/Objects-normal/arm64/CalculatorTests_lto.o -rdynamic -Xlinker -no_deduplicate -Xlinker -objc_abi_version -Xlinker 2 -Xlinker -dependency_info -Xlinker /tmp/ui-goal04-20261006-azi78jzc/formal-pilot-preparation/native/derived/Build/Intermediates.noindex/CalculatorSwiftUI.build/Debug-iphonesimulator/CalculatorTests.build/Objects-normal/arm64/CalculatorTests_dependency_info.dat -fobjc-link-runtime -L/Applications/Xcode-27.0.0.app/Contents/Developer/Toolchains/XcodeDefault.xctoolchain/usr/lib/swift/iphonesimulator -L/usr/lib/swift -Xlinker -add_ast_path -Xlinker /tmp/ui-goal04-20261006-azi78jzc/formal-pilot-preparation/native/derived/Build/Intermediates.noindex/CalculatorSwiftUI.build/Debug-iphonesimulator/CalculatorTests.build/Objects-normal/arm64/CalculatorTests.swiftmodule -Xlinker -needed_framework -Xlinker XCTest -framework XCTest -Xlinker -needed-lXCTestSwiftSupport -lXCTestSwiftSupport /tmp/ui-goal04-20261006-azi78jzc/formal-pilot-preparation/native/derived/Build/Products/Debug-iphonesimulator/CalculatorSwiftUI.app/CalculatorSwiftUI.debug.dylib -o /tmp/ui-goal04-20261006-azi78jzc/formal-pilot-preparation/native/derived/Build/Products/Debug-iphonesimulator/CalculatorSwiftUI.app/PlugIns/CalculatorTests.xctest/CalculatorTests
/tmp/ui-goal04-20261006-azi78jzc/formal-pilot-preparation/app/CalculatorSwiftUI.xcodeproj: CalculatorTests: ld: warning: building for iOS-simulator-15.0, but linking with dylib '@rpath/XCTest.framework/XCTest' which was built for newer version 17.0
/tmp/ui-goal04-20261006-azi78jzc/formal-pilot-preparation/app/CalculatorSwiftUI.xcodeproj: CalculatorTests: ld: warning: building for iOS-simulator-15.0, but linking with dylib '@rpath/libXCTestSwiftSupport.dylib' which was built for newer version 17.0

ExtractAppIntentsMetadata (in target 'CalculatorTests' from project 'CalculatorSwiftUI')
    cd /tmp/ui-goal04-20261006-azi78jzc/formal-pilot-preparation/app
    /Applications/Xcode-27.0.0.app/Contents/Developer/Toolchains/XcodeDefault.xctoolchain/usr/bin/appintentsmetadataprocessor --toolchain-dir /var/run/com.apple.security.cryptexd/mnt/com.apple.MobileAsset.MetalToolchain-v27.1.266.1.qyTB3S/Metal.xctoolchain --module-name CalculatorTests --sdk-root /Applications/Xcode-27.0.0.app/Contents/Developer/Platforms/iPhoneSimulator.platform/Developer/SDKs/iPhoneSimulator27.0.sdk --xcode-version 27A266a --platform-family iOS --deployment-target 15.0 --bundle-identifier trial.CalculatorTests --output /tmp/ui-goal04-20261006-azi78jzc/formal-pilot-preparation/native/derived/Build/Products/Debug-iphonesimulator/CalculatorSwiftUI.app/PlugIns/CalculatorTests.xctest --target-triple arm64-apple-ios15.0-simulator --binary-file /tmp/ui-goal04-20261006-azi78jzc/formal-pilot-preparation/native/derived/Build/Products/Debug-iphonesimulator/CalculatorSwiftUI.app/PlugIns/CalculatorTests.xctest/CalculatorTests --dependency-file /tmp/ui-goal04-20261006-azi78jzc/formal-pilot-preparation/native/derived/Build/Intermediates.noindex/CalculatorSwiftUI.build/Debug-iphonesimulator/CalculatorTests.build/Objects-normal/arm64/CalculatorTests_dependency_info.dat --stringsdata-file /tmp/ui-goal04-20261006-azi78jzc/formal-pilot-preparation/native/derived/Build/Intermediates.noindex/CalculatorSwiftUI.build/Debug-iphonesimulator/CalculatorTests.build/Objects-normal/arm64/ExtractedAppShortcutsMetadata.stringsdata --source-file-list /tmp/ui-goal04-20261006-azi78jzc/formal-pilot-preparation/native/derived/Build/Intermediates.noindex/CalculatorSwiftUI.build/Debug-iphonesimulator/CalculatorTests.build/Objects-normal/arm64/CalculatorTests.SwiftFileList --metadata-file-list /tmp/ui-goal04-20261006-azi78jzc/formal-pilot-preparation/native/derived/Build/Intermediates.noindex/CalculatorSwiftUI.build/Debug-iphonesimulator/CalculatorTests.build/CalculatorTests.DependencyMetadataFileList --static-metadata-file-list /tmp/ui-goal04-20261006-azi78jzc/formal-pilot-preparation/native/derived/Build/Intermediates.noindex/CalculatorSwiftUI.build/Debug-iphonesimulator/CalculatorTests.build/CalculatorTests.DependencyStaticMetadataFileList --swift-const-vals-list /tmp/ui-goal04-20261006-azi78jzc/formal-pilot-preparation/native/derived/Build/Intermediates.noindex/CalculatorSwiftUI.build/Debug-iphonesimulator/CalculatorTests.build/Objects-normal/arm64/CalculatorTests.SwiftConstValuesFileList --compile-time-extraction --deployment-aware-processing --no-app-shortcuts-localization
2026-10-08 14:26:04.275 appintentsmetadataprocessor[95324:12787760] Starting appintentsmetadataprocessor export
2026-10-08 14:26:04.277 appintentsmetadataprocessor[95324:12787760] warning: Metadata extraction skipped, no AppIntents.framework dependency found

CopySwiftLibs /tmp/ui-goal04-20261006-azi78jzc/formal-pilot-preparation/native/derived/Build/Products/Debug-iphonesimulator/CalculatorSwiftUI.app/PlugIns/CalculatorTests.xctest (in target 'CalculatorTests' from project 'CalculatorSwiftUI')
    cd /tmp/ui-goal04-20261006-azi78jzc/formal-pilot-preparation/app
    builtin-swiftStdLibTool --copy --verbose --scan-executable /tmp/ui-goal04-20261006-azi78jzc/formal-pilot-preparation/native/derived/Build/Products/Debug-iphonesimulator/CalculatorSwiftUI.app/PlugIns/CalculatorTests.xctest/CalculatorTests --scan-folder /tmp/ui-goal04-20261006-azi78jzc/formal-pilot-preparation/native/derived/Build/Products/Debug-iphonesimulator/CalculatorSwiftUI.app/PlugIns/CalculatorTests.xctest/Frameworks --scan-folder /tmp/ui-goal04-20261006-azi78jzc/formal-pilot-preparation/native/derived/Build/Products/Debug-iphonesimulator/CalculatorSwiftUI.app/PlugIns/CalculatorTests.xctest/PlugIns --scan-folder /tmp/ui-goal04-20261006-azi78jzc/formal-pilot-preparation/native/derived/Build/Products/Debug-iphonesimulator/CalculatorSwiftUI.app/PlugIns/CalculatorTests.xctest/SystemExtensions --scan-folder /tmp/ui-goal04-20261006-azi78jzc/formal-pilot-preparation/native/derived/Build/Products/Debug-iphonesimulator/CalculatorSwiftUI.app/PlugIns/CalculatorTests.xctest/Extensions --platform iphonesimulator --toolchain /var/run/com.apple.security.cryptexd/mnt/com.apple.MobileAsset.MetalToolchain-v27.1.266.1.qyTB3S/Metal.xctoolchain --toolchain /Applications/Xcode-27.0.0.app/Contents/Developer/Toolchains/XcodeDefault.xctoolchain --destination /tmp/ui-goal04-20261006-azi78jzc/formal-pilot-preparation/native/derived/Build/Products/Debug-iphonesimulator/CalculatorSwiftUI.app/PlugIns/CalculatorTests.xctest/Frameworks --strip-bitcode --scan-executable /Applications/Xcode-27.0.0.app/Contents/Developer/Platforms/iPhoneSimulator.platform/Developer/usr/lib/libXCTestSwiftSupport.dylib --strip-bitcode-tool /Applications/Xcode-27.0.0.app/Contents/Developer/Toolchains/XcodeDefault.xctoolchain/usr/bin/bitcode_strip --emit-dependency-info /tmp/ui-goal04-20261006-azi78jzc/formal-pilot-preparation/native/derived/Build/Intermediates.noindex/CalculatorSwiftUI.build/Debug-iphonesimulator/CalculatorTests.build/SwiftStdLibToolInputDependencies.dep --filter-for-swift-os
Ignoring --strip-bitcode because --sign was not passed

AppIntentsSSUTraining (in target 'CalculatorTests' from project 'CalculatorSwiftUI')
    cd /tmp/ui-goal04-20261006-azi78jzc/formal-pilot-preparation/app
    /Applications/Xcode-27.0.0.app/Contents/Developer/Toolchains/XcodeDefault.xctoolchain/usr/bin/appintentsnltrainingprocessor --infoplist-path /tmp/ui-goal04-20261006-azi78jzc/formal-pilot-preparation/native/derived/Build/Products/Debug-iphonesimulator/CalculatorSwiftUI.app/PlugIns/CalculatorTests.xctest/Info.plist --temp-dir-path /tmp/ui-goal04-20261006-azi78jzc/formal-pilot-preparation/native/derived/Build/Intermediates.noindex/CalculatorSwiftUI.build/Debug-iphonesimulator/CalculatorTests.build/ssu --bundle-id trial.CalculatorTests --product-path /tmp/ui-goal04-20261006-azi78jzc/formal-pilot-preparation/native/derived/Build/Products/Debug-iphonesimulator/CalculatorSwiftUI.app/PlugIns/CalculatorTests.xctest --extracted-metadata-path /tmp/ui-goal04-20261006-azi78jzc/formal-pilot-preparation/native/derived/Build/Products/Debug-iphonesimulator/CalculatorSwiftUI.app/PlugIns/CalculatorTests.xctest/Metadata.appintents --metadata-file-list /tmp/ui-goal04-20261006-azi78jzc/formal-pilot-preparation/native/derived/Build/Intermediates.noindex/CalculatorSwiftUI.build/Debug-iphonesimulator/CalculatorTests.build/CalculatorTests.DependencyMetadataFileList --source-file /tmp/ui-goal04-20261006-azi78jzc/formal-pilot-preparation/native/derived/Build/Products/Debug-iphonesimulator/CalculatorSwiftUI.app/PlugIns/CalculatorTests.xctest/Info.plist --archive-ssu-assets
2026-10-08 14:26:04.317 appintentsnltrainingprocessor[95325:12787764] Parsing options for appintentsnltrainingprocessor
2026-10-08 14:26:04.317 appintentsnltrainingprocessor[95325:12787764] Starting AppIntents SSU YAML Generation
2026-10-08 14:26:04.317 appintentsnltrainingprocessor[95325:12787764] No AppShortcuts found - Skipping.

RegisterExecutionPolicyException /tmp/ui-goal04-20261006-azi78jzc/formal-pilot-preparation/native/derived/Build/Products/Debug-iphonesimulator/CalculatorSwiftUI.app/PlugIns/CalculatorTests.xctest (in target 'CalculatorTests' from project 'CalculatorSwiftUI')
    cd /tmp/ui-goal04-20261006-azi78jzc/formal-pilot-preparation/app
    builtin-RegisterExecutionPolicyException /tmp/ui-goal04-20261006-azi78jzc/formal-pilot-preparation/native/derived/Build/Products/Debug-iphonesimulator/CalculatorSwiftUI.app/PlugIns/CalculatorTests.xctest

Touch /tmp/ui-goal04-20261006-azi78jzc/formal-pilot-preparation/native/derived/Build/Products/Debug-iphonesimulator/CalculatorSwiftUI.app/PlugIns/CalculatorTests.xctest (in target 'CalculatorTests' from project 'CalculatorSwiftUI')
    cd /tmp/ui-goal04-20261006-azi78jzc/formal-pilot-preparation/app
    /usr/bin/touch -c /tmp/ui-goal04-20261006-azi78jzc/formal-pilot-preparation/native/derived/Build/Products/Debug-iphonesimulator/CalculatorSwiftUI.app/PlugIns/CalculatorTests.xctest

RegisterExecutionPolicyException /tmp/ui-goal04-20261006-azi78jzc/formal-pilot-preparation/native/derived/Build/Products/Debug-iphonesimulator/CalculatorSwiftUI.app (in target 'CalculatorSwiftUI' from project 'CalculatorSwiftUI')
    cd /tmp/ui-goal04-20261006-azi78jzc/formal-pilot-preparation/app
    builtin-RegisterExecutionPolicyException /tmp/ui-goal04-20261006-azi78jzc/formal-pilot-preparation/native/derived/Build/Products/Debug-iphonesimulator/CalculatorSwiftUI.app

Validate /tmp/ui-goal04-20261006-azi78jzc/formal-pilot-preparation/native/derived/Build/Products/Debug-iphonesimulator/CalculatorSwiftUI.app (in target 'CalculatorSwiftUI' from project 'CalculatorSwiftUI')
    cd /tmp/ui-goal04-20261006-azi78jzc/formal-pilot-preparation/app
    builtin-validationUtility /tmp/ui-goal04-20261006-azi78jzc/formal-pilot-preparation/native/derived/Build/Products/Debug-iphonesimulator/CalculatorSwiftUI.app -shallow-bundle -infoplist-subpath Info.plist

Touch /tmp/ui-goal04-20261006-azi78jzc/formal-pilot-preparation/native/derived/Build/Products/Debug-iphonesimulator/CalculatorSwiftUI.app (in target 'CalculatorSwiftUI' from project 'CalculatorSwiftUI')
    cd /tmp/ui-goal04-20261006-azi78jzc/formal-pilot-preparation/app
    /usr/bin/touch -c /tmp/ui-goal04-20261006-azi78jzc/formal-pilot-preparation/native/derived/Build/Products/Debug-iphonesimulator/CalculatorSwiftUI.app

WriteAuxiliaryFile /tmp/ui-goal04-20261006-azi78jzc/formal-pilot-preparation/native/derived/Build/Intermediates.noindex/CalculatorSwiftUI.build/Debug-iphonesimulator/CalculatorUITests.build/ProductTypeInfoPlistAdditions.plist (in target 'CalculatorUITests' from project 'CalculatorSwiftUI')
    cd /tmp/ui-goal04-20261006-azi78jzc/formal-pilot-preparation/app
    write-file /tmp/ui-goal04-20261006-azi78jzc/formal-pilot-preparation/native/derived/Build/Intermediates.noindex/CalculatorSwiftUI.build/Debug-iphonesimulator/CalculatorUITests.build/ProductTypeInfoPlistAdditions.plist

WriteAuxiliaryFile /tmp/ui-goal04-20261006-azi78jzc/formal-pilot-preparation/native/derived/Build/Intermediates.noindex/CalculatorSwiftUI.build/Debug-iphonesimulator/CalculatorUITests.build/empty-CalculatorUITests.plist (in target 'CalculatorUITests' from project 'CalculatorSwiftUI')
    cd /tmp/ui-goal04-20261006-azi78jzc/formal-pilot-preparation/app
    write-file /tmp/ui-goal04-20261006-azi78jzc/formal-pilot-preparation/native/derived/Build/Intermediates.noindex/CalculatorSwiftUI.build/Debug-iphonesimulator/CalculatorUITests.build/empty-CalculatorUITests.plist

WriteAuxiliaryFile /tmp/ui-goal04-20261006-azi78jzc/formal-pilot-preparation/native/derived/Build/Intermediates.noindex/CalculatorSwiftUI.build/Debug-iphonesimulator/CalculatorUITests.build/Objects-normal/arm64/CalculatorUITests_const_extract_protocols.json (in target 'CalculatorUITests' from project 'CalculatorSwiftUI')
    cd /tmp/ui-goal04-20261006-azi78jzc/formal-pilot-preparation/app
    write-file /tmp/ui-goal04-20261006-azi78jzc/formal-pilot-preparation/native/derived/Build/Intermediates.noindex/CalculatorSwiftUI.build/Debug-iphonesimulator/CalculatorUITests.build/Objects-normal/arm64/CalculatorUITests_const_extract_protocols.json

WriteAuxiliaryFile /tmp/ui-goal04-20261006-azi78jzc/formal-pilot-preparation/native/derived/Build/Intermediates.noindex/CalculatorSwiftUI.build/Debug-iphonesimulator/CalculatorUITests.build/Objects-normal/arm64/CalculatorUITests.LinkFileList (in target 'CalculatorUITests' from project 'CalculatorSwiftUI')
    cd /tmp/ui-goal04-20261006-azi78jzc/formal-pilot-preparation/app
    write-file /tmp/ui-goal04-20261006-azi78jzc/formal-pilot-preparation/native/derived/Build/Intermediates.noindex/CalculatorSwiftUI.build/Debug-iphonesimulator/CalculatorUITests.build/Objects-normal/arm64/CalculatorUITests.LinkFileList

WriteAuxiliaryFile /tmp/ui-goal04-20261006-azi78jzc/formal-pilot-preparation/native/derived/Build/Intermediates.noindex/CalculatorSwiftUI.build/Debug-iphonesimulator/CalculatorUITests.build/Objects-normal/arm64/CalculatorUITests-OutputFileMap.json (in target 'CalculatorUITests' from project 'CalculatorSwiftUI')
    cd /tmp/ui-goal04-20261006-azi78jzc/formal-pilot-preparation/app
    write-file /tmp/ui-goal04-20261006-azi78jzc/formal-pilot-preparation/native/derived/Build/Intermediates.noindex/CalculatorSwiftUI.build/Debug-iphonesimulator/CalculatorUITests.build/Objects-normal/arm64/CalculatorUITests-OutputFileMap.json

WriteAuxiliaryFile /tmp/ui-goal04-20261006-azi78jzc/formal-pilot-preparation/native/derived/Build/Intermediates.noindex/CalculatorSwiftUI.build/Debug-iphonesimulator/CalculatorUITests.build/Objects-normal/arm64/CalculatorUITests.SwiftConstValuesFileList (in target 'CalculatorUITests' from project 'CalculatorSwiftUI')
    cd /tmp/ui-goal04-20261006-azi78jzc/formal-pilot-preparation/app
    write-file /tmp/ui-goal04-20261006-azi78jzc/formal-pilot-preparation/native/derived/Build/Intermediates.noindex/CalculatorSwiftUI.build/Debug-iphonesimulator/CalculatorUITests.build/Objects-normal/arm64/CalculatorUITests.SwiftConstValuesFileList

WriteAuxiliaryFile /tmp/ui-goal04-20261006-azi78jzc/formal-pilot-preparation/native/derived/Build/Intermediates.noindex/CalculatorSwiftUI.build/Debug-iphonesimulator/CalculatorUITests.build/Objects-normal/arm64/CalculatorUITests.SwiftFileList (in target 'CalculatorUITests' from project 'CalculatorSwiftUI')
    cd /tmp/ui-goal04-20261006-azi78jzc/formal-pilot-preparation/app
    write-file /tmp/ui-goal04-20261006-azi78jzc/formal-pilot-preparation/native/derived/Build/Intermediates.noindex/CalculatorSwiftUI.build/Debug-iphonesimulator/CalculatorUITests.build/Objects-normal/arm64/CalculatorUITests.SwiftFileList

WriteAuxiliaryFile /tmp/ui-goal04-20261006-azi78jzc/formal-pilot-preparation/native/derived/Build/Intermediates.noindex/CalculatorSwiftUI.build/Debug-iphonesimulator/CalculatorUITests.build/CalculatorUITests.hmap (in target 'CalculatorUITests' from project 'CalculatorSwiftUI')
    cd /tmp/ui-goal04-20261006-azi78jzc/formal-pilot-preparation/app
    write-file /tmp/ui-goal04-20261006-azi78jzc/formal-pilot-preparation/native/derived/Build/Intermediates.noindex/CalculatorSwiftUI.build/Debug-iphonesimulator/CalculatorUITests.build/CalculatorUITests.hmap

WriteAuxiliaryFile /tmp/ui-goal04-20261006-azi78jzc/formal-pilot-preparation/native/derived/Build/Intermediates.noindex/CalculatorSwiftUI.build/Debug-iphonesimulator/CalculatorUITests.build/CalculatorUITests.DependencyMetadataFileList (in target 'CalculatorUITests' from project 'CalculatorSwiftUI')
    cd /tmp/ui-goal04-20261006-azi78jzc/formal-pilot-preparation/app
    write-file /tmp/ui-goal04-20261006-azi78jzc/formal-pilot-preparation/native/derived/Build/Intermediates.noindex/CalculatorSwiftUI.build/Debug-iphonesimulator/CalculatorUITests.build/CalculatorUITests.DependencyMetadataFileList

WriteAuxiliaryFile /tmp/ui-goal04-20261006-azi78jzc/formal-pilot-preparation/native/derived/Build/Intermediates.noindex/CalculatorSwiftUI.build/Debug-iphonesimulator/CalculatorUITests.build/CalculatorUITests.DependencyStaticMetadataFileList (in target 'CalculatorUITests' from project 'CalculatorSwiftUI')
    cd /tmp/ui-goal04-20261006-azi78jzc/formal-pilot-preparation/app
    write-file /tmp/ui-goal04-20261006-azi78jzc/formal-pilot-preparation/native/derived/Build/Intermediates.noindex/CalculatorSwiftUI.build/Debug-iphonesimulator/CalculatorUITests.build/CalculatorUITests.DependencyStaticMetadataFileList

WriteAuxiliaryFile /tmp/ui-goal04-20261006-azi78jzc/formal-pilot-preparation/native/derived/Build/Intermediates.noindex/CalculatorSwiftUI.build/Debug-iphonesimulator/CalculatorUITests.build/CalculatorUITests-project-headers.hmap (in target 'CalculatorUITests' from project 'CalculatorSwiftUI')
    cd /tmp/ui-goal04-20261006-azi78jzc/formal-pilot-preparation/app
    write-file /tmp/ui-goal04-20261006-azi78jzc/formal-pilot-preparation/native/derived/Build/Intermediates.noindex/CalculatorSwiftUI.build/Debug-iphonesimulator/CalculatorUITests.build/CalculatorUITests-project-headers.hmap

WriteAuxiliaryFile /tmp/ui-goal04-20261006-azi78jzc/formal-pilot-preparation/native/derived/Build/Intermediates.noindex/CalculatorSwiftUI.build/Debug-iphonesimulator/CalculatorUITests.build/CalculatorUITests-own-target-headers.hmap (in target 'CalculatorUITests' from project 'CalculatorSwiftUI')
    cd /tmp/ui-goal04-20261006-azi78jzc/formal-pilot-preparation/app
    write-file /tmp/ui-goal04-20261006-azi78jzc/formal-pilot-preparation/native/derived/Build/Intermediates.noindex/CalculatorSwiftUI.build/Debug-iphonesimulator/CalculatorUITests.build/CalculatorUITests-own-target-headers.hmap

WriteAuxiliaryFile /tmp/ui-goal04-20261006-azi78jzc/formal-pilot-preparation/native/derived/Build/Intermediates.noindex/CalculatorSwiftUI.build/Debug-iphonesimulator/CalculatorUITests.build/CalculatorUITests-generated-files.hmap (in target 'CalculatorUITests' from project 'CalculatorSwiftUI')
    cd /tmp/ui-goal04-20261006-azi78jzc/formal-pilot-preparation/app
    write-file /tmp/ui-goal04-20261006-azi78jzc/formal-pilot-preparation/native/derived/Build/Intermediates.noindex/CalculatorSwiftUI.build/Debug-iphonesimulator/CalculatorUITests.build/CalculatorUITests-generated-files.hmap

WriteAuxiliaryFile /tmp/ui-goal04-20261006-azi78jzc/formal-pilot-preparation/native/derived/Build/Intermediates.noindex/CalculatorSwiftUI.build/Debug-iphonesimulator/CalculatorUITests.build/CalculatorUITests-all-target-headers.hmap (in target 'CalculatorUITests' from project 'CalculatorSwiftUI')
    cd /tmp/ui-goal04-20261006-azi78jzc/formal-pilot-preparation/app
    write-file /tmp/ui-goal04-20261006-azi78jzc/formal-pilot-preparation/native/derived/Build/Intermediates.noindex/CalculatorSwiftUI.build/Debug-iphonesimulator/CalculatorUITests.build/CalculatorUITests-all-target-headers.hmap

WriteAuxiliaryFile /tmp/ui-goal04-20261006-azi78jzc/formal-pilot-preparation/native/derived/Build/Intermediates.noindex/CalculatorSwiftUI.build/Debug-iphonesimulator/CalculatorUITests.build/CalculatorUITests-all-non-framework-target-headers.hmap (in target 'CalculatorUITests' from project 'CalculatorSwiftUI')
    cd /tmp/ui-goal04-20261006-azi78jzc/formal-pilot-preparation/app
    write-file /tmp/ui-goal04-20261006-azi78jzc/formal-pilot-preparation/native/derived/Build/Intermediates.noindex/CalculatorSwiftUI.build/Debug-iphonesimulator/CalculatorUITests.build/CalculatorUITests-all-non-framework-target-headers.hmap

MkDir /tmp/ui-goal04-20261006-azi78jzc/formal-pilot-preparation/native/derived/Build/Products/Debug-iphonesimulator/CalculatorUITests-Runner.app/PlugIns/CalculatorUITests.xctest (in target 'CalculatorUITests' from project 'CalculatorSwiftUI')
    cd /tmp/ui-goal04-20261006-azi78jzc/formal-pilot-preparation/app
    /bin/mkdir -p /tmp/ui-goal04-20261006-azi78jzc/formal-pilot-preparation/native/derived/Build/Products/Debug-iphonesimulator/CalculatorUITests-Runner.app/PlugIns/CalculatorUITests.xctest

CpResource /tmp/ui-goal04-20261006-azi78jzc/formal-pilot-preparation/native/derived/Build/Products/Debug-iphonesimulator/CalculatorUITests-Runner.app/PlugIns/CalculatorUITests.xctest/app-expected.json /tmp/ui-goal04-20261006-azi78jzc/formal-pilot-preparation/app/CalculatorUITests/app-expected.json (in target 'CalculatorUITests' from project 'CalculatorSwiftUI')
    cd /tmp/ui-goal04-20261006-azi78jzc/formal-pilot-preparation/app
    builtin-copy -exclude .DS_Store -exclude CVS -exclude .svn -exclude .git -exclude .hg -resolve-src-symlinks /tmp/ui-goal04-20261006-azi78jzc/formal-pilot-preparation/app/CalculatorUITests/app-expected.json /tmp/ui-goal04-20261006-azi78jzc/formal-pilot-preparation/native/derived/Build/Products/Debug-iphonesimulator/CalculatorUITests-Runner.app/PlugIns/CalculatorUITests.xctest

ProcessInfoPlistFile /tmp/ui-goal04-20261006-azi78jzc/formal-pilot-preparation/native/derived/Build/Products/Debug-iphonesimulator/CalculatorUITests-Runner.app/PlugIns/CalculatorUITests.xctest/Info.plist /tmp/ui-goal04-20261006-azi78jzc/formal-pilot-preparation/native/derived/Build/Intermediates.noindex/CalculatorSwiftUI.build/Debug-iphonesimulator/CalculatorUITests.build/empty-CalculatorUITests.plist (in target 'CalculatorUITests' from project 'CalculatorSwiftUI')
    cd /tmp/ui-goal04-20261006-azi78jzc/formal-pilot-preparation/app
    builtin-infoPlistUtility /tmp/ui-goal04-20261006-azi78jzc/formal-pilot-preparation/native/derived/Build/Intermediates.noindex/CalculatorSwiftUI.build/Debug-iphonesimulator/CalculatorUITests.build/empty-CalculatorUITests.plist -producttype com.apple.product-type.bundle.ui-testing -expandbuildsettings -format binary -platform iphonesimulator -additionalcontentfile /tmp/ui-goal04-20261006-azi78jzc/formal-pilot-preparation/native/derived/Build/Intermediates.noindex/CalculatorSwiftUI.build/Debug-iphonesimulator/CalculatorUITests.build/ProductTypeInfoPlistAdditions.plist -o /tmp/ui-goal04-20261006-azi78jzc/formal-pilot-preparation/native/derived/Build/Products/Debug-iphonesimulator/CalculatorUITests-Runner.app/PlugIns/CalculatorUITests.xctest/Info.plist

SwiftDriver CalculatorUITests normal arm64 com.apple.xcode.tools.swift.compiler (in target 'CalculatorUITests' from project 'CalculatorSwiftUI')
    cd /tmp/ui-goal04-20261006-azi78jzc/formal-pilot-preparation/app
    builtin-SwiftDriver -- /Applications/Xcode-27.0.0.app/Contents/Developer/Toolchains/XcodeDefault.xctoolchain/usr/bin/swiftc -module-name CalculatorUITests -Onone @/tmp/ui-goal04-20261006-azi78jzc/formal-pilot-preparation/native/derived/Build/Intermediates.noindex/CalculatorSwiftUI.build/Debug-iphonesimulator/CalculatorUITests.build/Objects-normal/arm64/CalculatorUITests.SwiftFileList -DDEBUG -module-alias Testing\=_Testing_Unavailable -plugin-path /Applications/Xcode-27.0.0.app/Contents/Developer/Toolchains/XcodeDefault.xctoolchain/usr/lib/swift/host/plugins/testing -enable-bare-slash-regex -enable-experimental-feature DebugDescriptionMacro -sdk /Applications/Xcode-27.0.0.app/Contents/Developer/Platforms/iPhoneSimulator.platform/Developer/SDKs/iPhoneSimulator27.0.sdk -target arm64-apple-ios15.0-simulator -g -module-cache-path /tmp/ui-goal04-20261006-azi78jzc/formal-pilot-preparation/native/derived/ModuleCache.noindex -Xfrontend -serialize-debugging-options -enable-testing -index-store-path /tmp/ui-goal04-20261006-azi78jzc/formal-pilot-preparation/native/derived/Index.noindex/DataStore -Xcc -D_LIBCPP_HARDENING_MODE\=_LIBCPP_HARDENING_MODE_DEBUG -swift-version 5 -I /tmp/ui-goal04-20261006-azi78jzc/formal-pilot-preparation/native/derived/Build/Products/Debug-iphonesimulator -Isystem /Applications/Xcode-27.0.0.app/Contents/Developer/Platforms/iPhoneSimulator.platform/Developer/usr/lib -F /tmp/ui-goal04-20261006-azi78jzc/formal-pilot-preparation/native/derived/Build/Products/Debug-iphonesimulator -F /Applications/Xcode-27.0.0.app/Contents/Developer/Platforms/iPhoneSimulator.platform/Developer/Library/Frameworks -F /Applications/Xcode-27.0.0.app/Contents/Developer/Platforms/iPhoneSimulator.platform/Developer/SDKs/iPhoneSimulator27.0.sdk/Developer/Library/Frameworks -parse-as-library -c -j10 -enable-batch-mode -incremental -Xcc -ivfsstatcache -Xcc /tmp/ui-goal04-20261006-azi78jzc/formal-pilot-preparation/native/derived/SDKStatCaches.noindex/iphonesimulator27.0-24A430-e829b21a6f8c9b70876ba0858053c044e5777d08492bbb2b9a17b83f613657ee.sdkstatcache -output-file-map /tmp/ui-goal04-20261006-azi78jzc/formal-pilot-preparation/native/derived/Build/Intermediates.noindex/CalculatorSwiftUI.build/Debug-iphonesimulator/CalculatorUITests.build/Objects-normal/arm64/CalculatorUITests-OutputFileMap.json -save-temps -no-color-diagnostics -explicit-module-build -module-cache-path /tmp/ui-goal04-20261006-azi78jzc/formal-pilot-preparation/native/derived/Build/Intermediates.noindex/SwiftExplicitPrecompiledModules -clang-scanner-module-cache-path /tmp/ui-goal04-20261006-azi78jzc/formal-pilot-preparation/native/derived/ModuleCache.noindex -sdk-module-cache-path /tmp/ui-goal04-20261006-azi78jzc/formal-pilot-preparation/native/derived/SDKExplicitPrecompiledModules -emit-dependencies -emit-module -emit-module-path /tmp/ui-goal04-20261006-azi78jzc/formal-pilot-preparation/native/derived/Build/Intermediates.noindex/CalculatorSwiftUI.build/Debug-iphonesimulator/CalculatorUITests.build/Objects-normal/arm64/CalculatorUITests.swiftmodule -serialize-diagnostics -dependency-scan-serialize-diagnostics-path /tmp/ui-goal04-20261006-azi78jzc/formal-pilot-preparation/native/derived/Build/Intermediates.noindex/CalculatorSwiftUI.build/Debug-iphonesimulator/CalculatorUITests.build/Objects-normal/arm64/CalculatorUITests-dependency-scan.dia -validate-clang-modules-once -clang-build-session-file /tmp/ui-goal04-20261006-azi78jzc/formal-pilot-preparation/native/derived/ModuleCache.noindex/Session.modulevalidation -Xcc -fmodules-prune-interval\=86400 -Xcc -fmodules-prune-after\=345600 -emit-const-values -const-gather-protocols-list /tmp/ui-goal04-20261006-azi78jzc/formal-pilot-preparation/native/derived/Build/Intermediates.noindex/CalculatorSwiftUI.build/Debug-iphonesimulator/CalculatorUITests.build/Objects-normal/arm64/CalculatorUITests_const_extract_protocols.json -Xcc -iquote -Xcc /tmp/ui-goal04-20261006-azi78jzc/formal-pilot-preparation/native/derived/Build/Intermediates.noindex/CalculatorSwiftUI.build/Debug-iphonesimulator/CalculatorUITests.build/CalculatorUITests-generated-files.hmap -Xcc -I/tmp/ui-goal04-20261006-azi78jzc/formal-pilot-preparation/native/derived/Build/Intermediates.noindex/CalculatorSwiftUI.build/Debug-iphonesimulator/CalculatorUITests.build/CalculatorUITests-own-target-headers.hmap -Xcc -I/tmp/ui-goal04-20261006-azi78jzc/formal-pilot-preparation/native/derived/Build/Intermediates.noindex/CalculatorSwiftUI.build/Debug-iphonesimulator/CalculatorUITests.build/CalculatorUITests-all-target-headers.hmap -Xcc -iquote -Xcc /tmp/ui-goal04-20261006-azi78jzc/formal-pilot-preparation/native/derived/Build/Intermediates.noindex/CalculatorSwiftUI.build/Debug-iphonesimulator/CalculatorUITests.build/CalculatorUITests-project-headers.hmap -Xcc -I/tmp/ui-goal04-20261006-azi78jzc/formal-pilot-preparation/native/derived/Build/Products/Debug-iphonesimulator/include -Xcc -I/tmp/ui-goal04-20261006-azi78jzc/formal-pilot-preparation/native/derived/Build/Intermediates.noindex/CalculatorSwiftUI.build/Debug-iphonesimulator/CalculatorUITests.build/DerivedSources-normal/arm64 -Xcc -I/tmp/ui-goal04-20261006-azi78jzc/formal-pilot-preparation/native/derived/Build/Intermediates.noindex/CalculatorSwiftUI.build/Debug-iphonesimulator/CalculatorUITests.build/DerivedSources/arm64 -Xcc -I/tmp/ui-goal04-20261006-azi78jzc/formal-pilot-preparation/native/derived/Build/Intermediates.noindex/CalculatorSwiftUI.build/Debug-iphonesimulator/CalculatorUITests.build/DerivedSources -Xcc -DDEBUG\=1 -emit-objc-header -emit-objc-header-path /tmp/ui-goal04-20261006-azi78jzc/formal-pilot-preparation/native/derived/Build/Intermediates.noindex/CalculatorSwiftUI.build/Debug-iphonesimulator/CalculatorUITests.build/Objects-normal/arm64/CalculatorUITests-Swift.h -working-directory /tmp/ui-goal04-20261006-azi78jzc/formal-pilot-preparation/app -experimental-emit-module-separately -disable-cmo

SwiftEmitModule normal arm64 Emitting\ module\ for\ CalculatorUITests (in target 'CalculatorUITests' from project 'CalculatorSwiftUI')

SwiftCompile normal arm64 (in target 'CalculatorUITests' from project 'CalculatorSwiftUI')
    cd /tmp/ui-goal04-20261006-azi78jzc/formal-pilot-preparation/app
    

SwiftCompile normal arm64 Compiling\ CalculatorUITests.swift /tmp/ui-goal04-20261006-azi78jzc/formal-pilot-preparation/app/CalculatorUITests/CalculatorUITests.swift (in target 'CalculatorUITests' from project 'CalculatorSwiftUI')

SwiftCompile normal arm64 /tmp/ui-goal04-20261006-azi78jzc/formal-pilot-preparation/app/CalculatorUITests/CalculatorUITests.swift (in target 'CalculatorUITests' from project 'CalculatorSwiftUI')
    cd /tmp/ui-goal04-20261006-azi78jzc/formal-pilot-preparation/app
    builtin-SwiftPerFileCompile CalculatorUITests.swift

SwiftDriverJobDiscovery normal arm64 Emitting module for CalculatorUITests (in target 'CalculatorUITests' from project 'CalculatorSwiftUI')

SwiftDriver\ Compilation\ Requirements CalculatorUITests normal arm64 com.apple.xcode.tools.swift.compiler (in target 'CalculatorUITests' from project 'CalculatorSwiftUI')
    cd /tmp/ui-goal04-20261006-azi78jzc/formal-pilot-preparation/app
    builtin-Swift-Compilation-Requirements -- /Applications/Xcode-27.0.0.app/Contents/Developer/Toolchains/XcodeDefault.xctoolchain/usr/bin/swiftc -module-name CalculatorUITests -Onone @/tmp/ui-goal04-20261006-azi78jzc/formal-pilot-preparation/native/derived/Build/Intermediates.noindex/CalculatorSwiftUI.build/Debug-iphonesimulator/CalculatorUITests.build/Objects-normal/arm64/CalculatorUITests.SwiftFileList -DDEBUG -module-alias Testing\=_Testing_Unavailable -plugin-path /Applications/Xcode-27.0.0.app/Contents/Developer/Toolchains/XcodeDefault.xctoolchain/usr/lib/swift/host/plugins/testing -enable-bare-slash-regex -enable-experimental-feature DebugDescriptionMacro -sdk /Applications/Xcode-27.0.0.app/Contents/Developer/Platforms/iPhoneSimulator.platform/Developer/SDKs/iPhoneSimulator27.0.sdk -target arm64-apple-ios15.0-simulator -g -module-cache-path /tmp/ui-goal04-20261006-azi78jzc/formal-pilot-preparation/native/derived/ModuleCache.noindex -Xfrontend -serialize-debugging-options -enable-testing -index-store-path /tmp/ui-goal04-20261006-azi78jzc/formal-pilot-preparation/native/derived/Index.noindex/DataStore -Xcc -D_LIBCPP_HARDENING_MODE\=_LIBCPP_HARDENING_MODE_DEBUG -swift-version 5 -I /tmp/ui-goal04-20261006-azi78jzc/formal-pilot-preparation/native/derived/Build/Products/Debug-iphonesimulator -Isystem /Applications/Xcode-27.0.0.app/Contents/Developer/Platforms/iPhoneSimulator.platform/Developer/usr/lib -F /tmp/ui-goal04-20261006-azi78jzc/formal-pilot-preparation/native/derived/Build/Products/Debug-iphonesimulator -F /Applications/Xcode-27.0.0.app/Contents/Developer/Platforms/iPhoneSimulator.platform/Developer/Library/Frameworks -F /Applications/Xcode-27.0.0.app/Contents/Developer/Platforms/iPhoneSimulator.platform/Developer/SDKs/iPhoneSimulator27.0.sdk/Developer/Library/Frameworks -parse-as-library -c -j10 -enable-batch-mode -incremental -Xcc -ivfsstatcache -Xcc /tmp/ui-goal04-20261006-azi78jzc/formal-pilot-preparation/native/derived/SDKStatCaches.noindex/iphonesimulator27.0-24A430-e829b21a6f8c9b70876ba0858053c044e5777d08492bbb2b9a17b83f613657ee.sdkstatcache -output-file-map /tmp/ui-goal04-20261006-azi78jzc/formal-pilot-preparation/native/derived/Build/Intermediates.noindex/CalculatorSwiftUI.build/Debug-iphonesimulator/CalculatorUITests.build/Objects-normal/arm64/CalculatorUITests-OutputFileMap.json -save-temps -no-color-diagnostics -explicit-module-build -module-cache-path /tmp/ui-goal04-20261006-azi78jzc/formal-pilot-preparation/native/derived/Build/Intermediates.noindex/SwiftExplicitPrecompiledModules -clang-scanner-module-cache-path /tmp/ui-goal04-20261006-azi78jzc/formal-pilot-preparation/native/derived/ModuleCache.noindex -sdk-module-cache-path /tmp/ui-goal04-20261006-azi78jzc/formal-pilot-preparation/native/derived/SDKExplicitPrecompiledModules -emit-dependencies -emit-module -emit-module-path /tmp/ui-goal04-20261006-azi78jzc/formal-pilot-preparation/native/derived/Build/Intermediates.noindex/CalculatorSwiftUI.build/Debug-iphonesimulator/CalculatorUITests.build/Objects-normal/arm64/CalculatorUITests.swiftmodule -serialize-diagnostics -dependency-scan-serialize-diagnostics-path /tmp/ui-goal04-20261006-azi78jzc/formal-pilot-preparation/native/derived/Build/Intermediates.noindex/CalculatorSwiftUI.build/Debug-iphonesimulator/CalculatorUITests.build/Objects-normal/arm64/CalculatorUITests-dependency-scan.dia -validate-clang-modules-once -clang-build-session-file /tmp/ui-goal04-20261006-azi78jzc/formal-pilot-preparation/native/derived/ModuleCache.noindex/Session.modulevalidation -Xcc -fmodules-prune-interval\=86400 -Xcc -fmodules-prune-after\=345600 -emit-const-values -const-gather-protocols-list /tmp/ui-goal04-20261006-azi78jzc/formal-pilot-preparation/native/derived/Build/Intermediates.noindex/CalculatorSwiftUI.build/Debug-iphonesimulator/CalculatorUITests.build/Objects-normal/arm64/CalculatorUITests_const_extract_protocols.json -Xcc -iquote -Xcc /tmp/ui-goal04-20261006-azi78jzc/formal-pilot-preparation/native/derived/Build/Intermediates.noindex/CalculatorSwiftUI.build/Debug-iphonesimulator/CalculatorUITests.build/CalculatorUITests-generated-files.hmap -Xcc -I/tmp/ui-goal04-20261006-azi78jzc/formal-pilot-preparation/native/derived/Build/Intermediates.noindex/CalculatorSwiftUI.build/Debug-iphonesimulator/CalculatorUITests.build/CalculatorUITests-own-target-headers.hmap -Xcc -I/tmp/ui-goal04-20261006-azi78jzc/formal-pilot-preparation/native/derived/Build/Intermediates.noindex/CalculatorSwiftUI.build/Debug-iphonesimulator/CalculatorUITests.build/CalculatorUITests-all-target-headers.hmap -Xcc -iquote -Xcc /tmp/ui-goal04-20261006-azi78jzc/formal-pilot-preparation/native/derived/Build/Intermediates.noindex/CalculatorSwiftUI.build/Debug-iphonesimulator/CalculatorUITests.build/CalculatorUITests-project-headers.hmap -Xcc -I/tmp/ui-goal04-20261006-azi78jzc/formal-pilot-preparation/native/derived/Build/Products/Debug-iphonesimulator/include -Xcc -I/tmp/ui-goal04-20261006-azi78jzc/formal-pilot-preparation/native/derived/Build/Intermediates.noindex/CalculatorSwiftUI.build/Debug-iphonesimulator/CalculatorUITests.build/DerivedSources-normal/arm64 -Xcc -I/tmp/ui-goal04-20261006-azi78jzc/formal-pilot-preparation/native/derived/Build/Intermediates.noindex/CalculatorSwiftUI.build/Debug-iphonesimulator/CalculatorUITests.build/DerivedSources/arm64 -Xcc -I/tmp/ui-goal04-20261006-azi78jzc/formal-pilot-preparation/native/derived/Build/Intermediates.noindex/CalculatorSwiftUI.build/Debug-iphonesimulator/CalculatorUITests.build/DerivedSources -Xcc -DDEBUG\=1 -emit-objc-header -emit-objc-header-path /tmp/ui-goal04-20261006-azi78jzc/formal-pilot-preparation/native/derived/Build/Intermediates.noindex/CalculatorSwiftUI.build/Debug-iphonesimulator/CalculatorUITests.build/Objects-normal/arm64/CalculatorUITests-Swift.h -working-directory /tmp/ui-goal04-20261006-azi78jzc/formal-pilot-preparation/app -experimental-emit-module-separately -disable-cmo

SwiftMergeGeneratedHeaders /tmp/ui-goal04-20261006-azi78jzc/formal-pilot-preparation/native/derived/Build/Intermediates.noindex/CalculatorSwiftUI.build/Debug-iphonesimulator/CalculatorUITests.build/DerivedSources/CalculatorUITests-Swift.h /tmp/ui-goal04-20261006-azi78jzc/formal-pilot-preparation/native/derived/Build/Intermediates.noindex/CalculatorSwiftUI.build/Debug-iphonesimulator/CalculatorUITests.build/Objects-normal/arm64/CalculatorUITests-Swift.h (in target 'CalculatorUITests' from project 'CalculatorSwiftUI')
    cd /tmp/ui-goal04-20261006-azi78jzc/formal-pilot-preparation/app
    builtin-swiftHeaderTool -arch arm64 /tmp/ui-goal04-20261006-azi78jzc/formal-pilot-preparation/native/derived/Build/Intermediates.noindex/CalculatorSwiftUI.build/Debug-iphonesimulator/CalculatorUITests.build/Objects-normal/arm64/CalculatorUITests-Swift.h -o /tmp/ui-goal04-20261006-azi78jzc/formal-pilot-preparation/native/derived/Build/Intermediates.noindex/CalculatorSwiftUI.build/Debug-iphonesimulator/CalculatorUITests.build/DerivedSources/CalculatorUITests-Swift.h

Copy /tmp/ui-goal04-20261006-azi78jzc/formal-pilot-preparation/native/derived/Build/Products/Debug-iphonesimulator/CalculatorUITests.swiftmodule/arm64-apple-ios-simulator.swiftmodule /tmp/ui-goal04-20261006-azi78jzc/formal-pilot-preparation/native/derived/Build/Intermediates.noindex/CalculatorSwiftUI.build/Debug-iphonesimulator/CalculatorUITests.build/Objects-normal/arm64/CalculatorUITests.swiftmodule (in target 'CalculatorUITests' from project 'CalculatorSwiftUI')
    cd /tmp/ui-goal04-20261006-azi78jzc/formal-pilot-preparation/app
    builtin-copy -exclude .DS_Store -exclude CVS -exclude .svn -exclude .git -exclude .hg -resolve-src-symlinks -rename /tmp/ui-goal04-20261006-azi78jzc/formal-pilot-preparation/native/derived/Build/Intermediates.noindex/CalculatorSwiftUI.build/Debug-iphonesimulator/CalculatorUITests.build/Objects-normal/arm64/CalculatorUITests.swiftmodule /tmp/ui-goal04-20261006-azi78jzc/formal-pilot-preparation/native/derived/Build/Products/Debug-iphonesimulator/CalculatorUITests.swiftmodule/arm64-apple-ios-simulator.swiftmodule

Copy /tmp/ui-goal04-20261006-azi78jzc/formal-pilot-preparation/native/derived/Build/Products/Debug-iphonesimulator/CalculatorUITests.swiftmodule/arm64-apple-ios-simulator.swiftdoc /tmp/ui-goal04-20261006-azi78jzc/formal-pilot-preparation/native/derived/Build/Intermediates.noindex/CalculatorSwiftUI.build/Debug-iphonesimulator/CalculatorUITests.build/Objects-normal/arm64/CalculatorUITests.swiftdoc (in target 'CalculatorUITests' from project 'CalculatorSwiftUI')
    cd /tmp/ui-goal04-20261006-azi78jzc/formal-pilot-preparation/app
    builtin-copy -exclude .DS_Store -exclude CVS -exclude .svn -exclude .git -exclude .hg -resolve-src-symlinks -rename /tmp/ui-goal04-20261006-azi78jzc/formal-pilot-preparation/native/derived/Build/Intermediates.noindex/CalculatorSwiftUI.build/Debug-iphonesimulator/CalculatorUITests.build/Objects-normal/arm64/CalculatorUITests.swiftdoc /tmp/ui-goal04-20261006-azi78jzc/formal-pilot-preparation/native/derived/Build/Products/Debug-iphonesimulator/CalculatorUITests.swiftmodule/arm64-apple-ios-simulator.swiftdoc

Copy /tmp/ui-goal04-20261006-azi78jzc/formal-pilot-preparation/native/derived/Build/Products/Debug-iphonesimulator/CalculatorUITests.swiftmodule/arm64-apple-ios-simulator.abi.json /tmp/ui-goal04-20261006-azi78jzc/formal-pilot-preparation/native/derived/Build/Intermediates.noindex/CalculatorSwiftUI.build/Debug-iphonesimulator/CalculatorUITests.build/Objects-normal/arm64/CalculatorUITests.abi.json (in target 'CalculatorUITests' from project 'CalculatorSwiftUI')
    cd /tmp/ui-goal04-20261006-azi78jzc/formal-pilot-preparation/app
    builtin-copy -exclude .DS_Store -exclude CVS -exclude .svn -exclude .git -exclude .hg -resolve-src-symlinks -rename /tmp/ui-goal04-20261006-azi78jzc/formal-pilot-preparation/native/derived/Build/Intermediates.noindex/CalculatorSwiftUI.build/Debug-iphonesimulator/CalculatorUITests.build/Objects-normal/arm64/CalculatorUITests.abi.json /tmp/ui-goal04-20261006-azi78jzc/formal-pilot-preparation/native/derived/Build/Products/Debug-iphonesimulator/CalculatorUITests.swiftmodule/arm64-apple-ios-simulator.abi.json

Copy /tmp/ui-goal04-20261006-azi78jzc/formal-pilot-preparation/native/derived/Build/Products/Debug-iphonesimulator/CalculatorUITests.swiftmodule/Project/arm64-apple-ios-simulator.swiftsourceinfo /tmp/ui-goal04-20261006-azi78jzc/formal-pilot-preparation/native/derived/Build/Intermediates.noindex/CalculatorSwiftUI.build/Debug-iphonesimulator/CalculatorUITests.build/Objects-normal/arm64/CalculatorUITests.swiftsourceinfo (in target 'CalculatorUITests' from project 'CalculatorSwiftUI')
    cd /tmp/ui-goal04-20261006-azi78jzc/formal-pilot-preparation/app
    builtin-copy -exclude .DS_Store -exclude CVS -exclude .svn -exclude .git -exclude .hg -resolve-src-symlinks -rename /tmp/ui-goal04-20261006-azi78jzc/formal-pilot-preparation/native/derived/Build/Intermediates.noindex/CalculatorSwiftUI.build/Debug-iphonesimulator/CalculatorUITests.build/Objects-normal/arm64/CalculatorUITests.swiftsourceinfo /tmp/ui-goal04-20261006-azi78jzc/formal-pilot-preparation/native/derived/Build/Products/Debug-iphonesimulator/CalculatorUITests.swiftmodule/Project/arm64-apple-ios-simulator.swiftsourceinfo

SwiftDriverJobDiscovery normal arm64 Compiling CalculatorUITests.swift (in target 'CalculatorUITests' from project 'CalculatorSwiftUI')

SwiftDriver\ Compilation CalculatorUITests normal arm64 com.apple.xcode.tools.swift.compiler (in target 'CalculatorUITests' from project 'CalculatorSwiftUI')
    cd /tmp/ui-goal04-20261006-azi78jzc/formal-pilot-preparation/app
    builtin-Swift-Compilation -- /Applications/Xcode-27.0.0.app/Contents/Developer/Toolchains/XcodeDefault.xctoolchain/usr/bin/swiftc -module-name CalculatorUITests -Onone @/tmp/ui-goal04-20261006-azi78jzc/formal-pilot-preparation/native/derived/Build/Intermediates.noindex/CalculatorSwiftUI.build/Debug-iphonesimulator/CalculatorUITests.build/Objects-normal/arm64/CalculatorUITests.SwiftFileList -DDEBUG -module-alias Testing\=_Testing_Unavailable -plugin-path /Applications/Xcode-27.0.0.app/Contents/Developer/Toolchains/XcodeDefault.xctoolchain/usr/lib/swift/host/plugins/testing -enable-bare-slash-regex -enable-experimental-feature DebugDescriptionMacro -sdk /Applications/Xcode-27.0.0.app/Contents/Developer/Platforms/iPhoneSimulator.platform/Developer/SDKs/iPhoneSimulator27.0.sdk -target arm64-apple-ios15.0-simulator -g -module-cache-path /tmp/ui-goal04-20261006-azi78jzc/formal-pilot-preparation/native/derived/ModuleCache.noindex -Xfrontend -serialize-debugging-options -enable-testing -index-store-path /tmp/ui-goal04-20261006-azi78jzc/formal-pilot-preparation/native/derived/Index.noindex/DataStore -Xcc -D_LIBCPP_HARDENING_MODE\=_LIBCPP_HARDENING_MODE_DEBUG -swift-version 5 -I /tmp/ui-goal04-20261006-azi78jzc/formal-pilot-preparation/native/derived/Build/Products/Debug-iphonesimulator -Isystem /Applications/Xcode-27.0.0.app/Contents/Developer/Platforms/iPhoneSimulator.platform/Developer/usr/lib -F /tmp/ui-goal04-20261006-azi78jzc/formal-pilot-preparation/native/derived/Build/Products/Debug-iphonesimulator -F /Applications/Xcode-27.0.0.app/Contents/Developer/Platforms/iPhoneSimulator.platform/Developer/Library/Frameworks -F /Applications/Xcode-27.0.0.app/Contents/Developer/Platforms/iPhoneSimulator.platform/Developer/SDKs/iPhoneSimulator27.0.sdk/Developer/Library/Frameworks -parse-as-library -c -j10 -enable-batch-mode -incremental -Xcc -ivfsstatcache -Xcc /tmp/ui-goal04-20261006-azi78jzc/formal-pilot-preparation/native/derived/SDKStatCaches.noindex/iphonesimulator27.0-24A430-e829b21a6f8c9b70876ba0858053c044e5777d08492bbb2b9a17b83f613657ee.sdkstatcache -output-file-map /tmp/ui-goal04-20261006-azi78jzc/formal-pilot-preparation/native/derived/Build/Intermediates.noindex/CalculatorSwiftUI.build/Debug-iphonesimulator/CalculatorUITests.build/Objects-normal/arm64/CalculatorUITests-OutputFileMap.json -save-temps -no-color-diagnostics -explicit-module-build -module-cache-path /tmp/ui-goal04-20261006-azi78jzc/formal-pilot-preparation/native/derived/Build/Intermediates.noindex/SwiftExplicitPrecompiledModules -clang-scanner-module-cache-path /tmp/ui-goal04-20261006-azi78jzc/formal-pilot-preparation/native/derived/ModuleCache.noindex -sdk-module-cache-path /tmp/ui-goal04-20261006-azi78jzc/formal-pilot-preparation/native/derived/SDKExplicitPrecompiledModules -emit-dependencies -emit-module -emit-module-path /tmp/ui-goal04-20261006-azi78jzc/formal-pilot-preparation/native/derived/Build/Intermediates.noindex/CalculatorSwiftUI.build/Debug-iphonesimulator/CalculatorUITests.build/Objects-normal/arm64/CalculatorUITests.swiftmodule -serialize-diagnostics -dependency-scan-serialize-diagnostics-path /tmp/ui-goal04-20261006-azi78jzc/formal-pilot-preparation/native/derived/Build/Intermediates.noindex/CalculatorSwiftUI.build/Debug-iphonesimulator/CalculatorUITests.build/Objects-normal/arm64/CalculatorUITests-dependency-scan.dia -validate-clang-modules-once -clang-build-session-file /tmp/ui-goal04-20261006-azi78jzc/formal-pilot-preparation/native/derived/ModuleCache.noindex/Session.modulevalidation -Xcc -fmodules-prune-interval\=86400 -Xcc -fmodules-prune-after\=345600 -emit-const-values -const-gather-protocols-list /tmp/ui-goal04-20261006-azi78jzc/formal-pilot-preparation/native/derived/Build/Intermediates.noindex/CalculatorSwiftUI.build/Debug-iphonesimulator/CalculatorUITests.build/Objects-normal/arm64/CalculatorUITests_const_extract_protocols.json -Xcc -iquote -Xcc /tmp/ui-goal04-20261006-azi78jzc/formal-pilot-preparation/native/derived/Build/Intermediates.noindex/CalculatorSwiftUI.build/Debug-iphonesimulator/CalculatorUITests.build/CalculatorUITests-generated-files.hmap -Xcc -I/tmp/ui-goal04-20261006-azi78jzc/formal-pilot-preparation/native/derived/Build/Intermediates.noindex/CalculatorSwiftUI.build/Debug-iphonesimulator/CalculatorUITests.build/CalculatorUITests-own-target-headers.hmap -Xcc -I/tmp/ui-goal04-20261006-azi78jzc/formal-pilot-preparation/native/derived/Build/Intermediates.noindex/CalculatorSwiftUI.build/Debug-iphonesimulator/CalculatorUITests.build/CalculatorUITests-all-target-headers.hmap -Xcc -iquote -Xcc /tmp/ui-goal04-20261006-azi78jzc/formal-pilot-preparation/native/derived/Build/Intermediates.noindex/CalculatorSwiftUI.build/Debug-iphonesimulator/CalculatorUITests.build/CalculatorUITests-project-headers.hmap -Xcc -I/tmp/ui-goal04-20261006-azi78jzc/formal-pilot-preparation/native/derived/Build/Products/Debug-iphonesimulator/include -Xcc -I/tmp/ui-goal04-20261006-azi78jzc/formal-pilot-preparation/native/derived/Build/Intermediates.noindex/CalculatorSwiftUI.build/Debug-iphonesimulator/CalculatorUITests.build/DerivedSources-normal/arm64 -Xcc -I/tmp/ui-goal04-20261006-azi78jzc/formal-pilot-preparation/native/derived/Build/Intermediates.noindex/CalculatorSwiftUI.build/Debug-iphonesimulator/CalculatorUITests.build/DerivedSources/arm64 -Xcc -I/tmp/ui-goal04-20261006-azi78jzc/formal-pilot-preparation/native/derived/Build/Intermediates.noindex/CalculatorSwiftUI.build/Debug-iphonesimulator/CalculatorUITests.build/DerivedSources -Xcc -DDEBUG\=1 -emit-objc-header -emit-objc-header-path /tmp/ui-goal04-20261006-azi78jzc/formal-pilot-preparation/native/derived/Build/Intermediates.noindex/CalculatorSwiftUI.build/Debug-iphonesimulator/CalculatorUITests.build/Objects-normal/arm64/CalculatorUITests-Swift.h -working-directory /tmp/ui-goal04-20261006-azi78jzc/formal-pilot-preparation/app -experimental-emit-module-separately -disable-cmo

Ld /tmp/ui-goal04-20261006-azi78jzc/formal-pilot-preparation/native/derived/Build/Products/Debug-iphonesimulator/CalculatorUITests-Runner.app/PlugIns/CalculatorUITests.xctest/CalculatorUITests normal (in target 'CalculatorUITests' from project 'CalculatorSwiftUI')
    cd /tmp/ui-goal04-20261006-azi78jzc/formal-pilot-preparation/app
    /Applications/Xcode-27.0.0.app/Contents/Developer/Toolchains/XcodeDefault.xctoolchain/usr/bin/clang -Xlinker -reproducible -target arm64-apple-ios15.0-simulator -bundle -isysroot /Applications/Xcode-27.0.0.app/Contents/Developer/Platforms/iPhoneSimulator.platform/Developer/SDKs/iPhoneSimulator27.0.sdk -O0 -Xlinker -no_warn_duplicate_libraries -L/tmp/ui-goal04-20261006-azi78jzc/formal-pilot-preparation/native/derived/Build/Intermediates.noindex/EagerLinkingTBDs/Debug-iphonesimulator -L/tmp/ui-goal04-20261006-azi78jzc/formal-pilot-preparation/native/derived/Build/Products/Debug-iphonesimulator -L/Applications/Xcode-27.0.0.app/Contents/Developer/Platforms/iPhoneSimulator.platform/Developer/usr/lib -F/tmp/ui-goal04-20261006-azi78jzc/formal-pilot-preparation/native/derived/Build/Intermediates.noindex/EagerLinkingTBDs/Debug-iphonesimulator -F/tmp/ui-goal04-20261006-azi78jzc/formal-pilot-preparation/native/derived/Build/Products/Debug-iphonesimulator -iframework /Applications/Xcode-27.0.0.app/Contents/Developer/Platforms/iPhoneSimulator.platform/Developer/Library/Frameworks -iframework /Applications/Xcode-27.0.0.app/Contents/Developer/Platforms/iPhoneSimulator.platform/Developer/SDKs/iPhoneSimulator27.0.sdk/Developer/Library/Frameworks -filelist /tmp/ui-goal04-20261006-azi78jzc/formal-pilot-preparation/native/derived/Build/Intermediates.noindex/CalculatorSwiftUI.build/Debug-iphonesimulator/CalculatorUITests.build/Objects-normal/arm64/CalculatorUITests.LinkFileList -Xlinker -rpath -Xlinker /usr/lib/swift -Xlinker -rpath -Xlinker @loader_path/Frameworks -Xlinker -rpath -Xlinker @executable_path/Frameworks -Xlinker -dead_strip -Xlinker -object_path_lto -Xlinker /tmp/ui-goal04-20261006-azi78jzc/formal-pilot-preparation/native/derived/Build/Intermediates.noindex/CalculatorSwiftUI.build/Debug-iphonesimulator/CalculatorUITests.build/Objects-normal/arm64/CalculatorUITests_lto.o -rdynamic -Xlinker -no_deduplicate -Xlinker -objc_abi_version -Xlinker 2 -Xlinker -dependency_info -Xlinker /tmp/ui-goal04-20261006-azi78jzc/formal-pilot-preparation/native/derived/Build/Intermediates.noindex/CalculatorSwiftUI.build/Debug-iphonesimulator/CalculatorUITests.build/Objects-normal/arm64/CalculatorUITests_dependency_info.dat -fobjc-link-runtime -L/Applications/Xcode-27.0.0.app/Contents/Developer/Toolchains/XcodeDefault.xctoolchain/usr/lib/swift/iphonesimulator -L/usr/lib/swift -Xlinker -add_ast_path -Xlinker /tmp/ui-goal04-20261006-azi78jzc/formal-pilot-preparation/native/derived/Build/Intermediates.noindex/CalculatorSwiftUI.build/Debug-iphonesimulator/CalculatorUITests.build/Objects-normal/arm64/CalculatorUITests.swiftmodule -Xlinker -needed_framework -Xlinker XCTest -framework XCTest -Xlinker -needed-lXCTestSwiftSupport -lXCTestSwiftSupport -o /tmp/ui-goal04-20261006-azi78jzc/formal-pilot-preparation/native/derived/Build/Products/Debug-iphonesimulator/CalculatorUITests-Runner.app/PlugIns/CalculatorUITests.xctest/CalculatorUITests
/tmp/ui-goal04-20261006-azi78jzc/formal-pilot-preparation/app/CalculatorSwiftUI.xcodeproj: CalculatorUITests: ld: warning: building for iOS-simulator-15.0, but linking with dylib '@rpath/XCTest.framework/XCTest' which was built for newer version 17.0
/tmp/ui-goal04-20261006-azi78jzc/formal-pilot-preparation/app/CalculatorSwiftUI.xcodeproj: CalculatorUITests: ld: warning: building for iOS-simulator-15.0, but linking with dylib '@rpath/libXCTestSwiftSupport.dylib' which was built for newer version 17.0
/tmp/ui-goal04-20261006-azi78jzc/formal-pilot-preparation/app/CalculatorSwiftUI.xcodeproj: CalculatorUITests: ld: warning: building for iOS-simulator-15.0, but linking with dylib '@rpath/XCUIAutomation.framework/XCUIAutomation' which was built for newer version 17.0

CopySwiftLibs /tmp/ui-goal04-20261006-azi78jzc/formal-pilot-preparation/native/derived/Build/Products/Debug-iphonesimulator/CalculatorUITests-Runner.app/PlugIns/CalculatorUITests.xctest (in target 'CalculatorUITests' from project 'CalculatorSwiftUI')
    cd /tmp/ui-goal04-20261006-azi78jzc/formal-pilot-preparation/app
    builtin-swiftStdLibTool --copy --verbose --scan-executable /tmp/ui-goal04-20261006-azi78jzc/formal-pilot-preparation/native/derived/Build/Products/Debug-iphonesimulator/CalculatorUITests-Runner.app/PlugIns/CalculatorUITests.xctest/CalculatorUITests --scan-folder /tmp/ui-goal04-20261006-azi78jzc/formal-pilot-preparation/native/derived/Build/Products/Debug-iphonesimulator/CalculatorUITests-Runner.app/PlugIns/CalculatorUITests.xctest/Frameworks --scan-folder /tmp/ui-goal04-20261006-azi78jzc/formal-pilot-preparation/native/derived/Build/Products/Debug-iphonesimulator/CalculatorUITests-Runner.app/PlugIns/CalculatorUITests.xctest/PlugIns --scan-folder /tmp/ui-goal04-20261006-azi78jzc/formal-pilot-preparation/native/derived/Build/Products/Debug-iphonesimulator/CalculatorUITests-Runner.app/PlugIns/CalculatorUITests.xctest/SystemExtensions --scan-folder /tmp/ui-goal04-20261006-azi78jzc/formal-pilot-preparation/native/derived/Build/Products/Debug-iphonesimulator/CalculatorUITests-Runner.app/PlugIns/CalculatorUITests.xctest/Extensions --platform iphonesimulator --toolchain /var/run/com.apple.security.cryptexd/mnt/com.apple.MobileAsset.MetalToolchain-v27.1.266.1.qyTB3S/Metal.xctoolchain --toolchain /Applications/Xcode-27.0.0.app/Contents/Developer/Toolchains/XcodeDefault.xctoolchain --destination /tmp/ui-goal04-20261006-azi78jzc/formal-pilot-preparation/native/derived/Build/Products/Debug-iphonesimulator/CalculatorUITests-Runner.app/PlugIns/CalculatorUITests.xctest/Frameworks --strip-bitcode --scan-executable /Applications/Xcode-27.0.0.app/Contents/Developer/Platforms/iPhoneSimulator.platform/Developer/usr/lib/libXCTestSwiftSupport.dylib --strip-bitcode-tool /Applications/Xcode-27.0.0.app/Contents/Developer/Toolchains/XcodeDefault.xctoolchain/usr/bin/bitcode_strip --emit-dependency-info /tmp/ui-goal04-20261006-azi78jzc/formal-pilot-preparation/native/derived/Build/Intermediates.noindex/CalculatorSwiftUI.build/Debug-iphonesimulator/CalculatorUITests.build/SwiftStdLibToolInputDependencies.dep --filter-for-swift-os
Ignoring --strip-bitcode because --sign was not passed

ExtractAppIntentsMetadata (in target 'CalculatorUITests' from project 'CalculatorSwiftUI')
    cd /tmp/ui-goal04-20261006-azi78jzc/formal-pilot-preparation/app
    /Applications/Xcode-27.0.0.app/Contents/Developer/Toolchains/XcodeDefault.xctoolchain/usr/bin/appintentsmetadataprocessor --toolchain-dir /var/run/com.apple.security.cryptexd/mnt/com.apple.MobileAsset.MetalToolchain-v27.1.266.1.qyTB3S/Metal.xctoolchain --module-name CalculatorUITests --sdk-root /Applications/Xcode-27.0.0.app/Contents/Developer/Platforms/iPhoneSimulator.platform/Developer/SDKs/iPhoneSimulator27.0.sdk --xcode-version 27A266a --platform-family iOS --deployment-target 15.0 --bundle-identifier trial.CalculatorUITests --output /tmp/ui-goal04-20261006-azi78jzc/formal-pilot-preparation/native/derived/Build/Products/Debug-iphonesimulator/CalculatorUITests-Runner.app/PlugIns/CalculatorUITests.xctest --target-triple arm64-apple-ios15.0-simulator --binary-file /tmp/ui-goal04-20261006-azi78jzc/formal-pilot-preparation/native/derived/Build/Products/Debug-iphonesimulator/CalculatorUITests-Runner.app/PlugIns/CalculatorUITests.xctest/CalculatorUITests --dependency-file /tmp/ui-goal04-20261006-azi78jzc/formal-pilot-preparation/native/derived/Build/Intermediates.noindex/CalculatorSwiftUI.build/Debug-iphonesimulator/CalculatorUITests.build/Objects-normal/arm64/CalculatorUITests_dependency_info.dat --stringsdata-file /tmp/ui-goal04-20261006-azi78jzc/formal-pilot-preparation/native/derived/Build/Intermediates.noindex/CalculatorSwiftUI.build/Debug-iphonesimulator/CalculatorUITests.build/Objects-normal/arm64/ExtractedAppShortcutsMetadata.stringsdata --source-file-list /tmp/ui-goal04-20261006-azi78jzc/formal-pilot-preparation/native/derived/Build/Intermediates.noindex/CalculatorSwiftUI.build/Debug-iphonesimulator/CalculatorUITests.build/Objects-normal/arm64/CalculatorUITests.SwiftFileList --metadata-file-list /tmp/ui-goal04-20261006-azi78jzc/formal-pilot-preparation/native/derived/Build/Intermediates.noindex/CalculatorSwiftUI.build/Debug-iphonesimulator/CalculatorUITests.build/CalculatorUITests.DependencyMetadataFileList --static-metadata-file-list /tmp/ui-goal04-20261006-azi78jzc/formal-pilot-preparation/native/derived/Build/Intermediates.noindex/CalculatorSwiftUI.build/Debug-iphonesimulator/CalculatorUITests.build/CalculatorUITests.DependencyStaticMetadataFileList --swift-const-vals-list /tmp/ui-goal04-20261006-azi78jzc/formal-pilot-preparation/native/derived/Build/Intermediates.noindex/CalculatorSwiftUI.build/Debug-iphonesimulator/CalculatorUITests.build/Objects-normal/arm64/CalculatorUITests.SwiftConstValuesFileList --compile-time-extraction --deployment-aware-processing --no-app-shortcuts-localization
2026-10-08 14:26:05.682 appintentsmetadataprocessor[95340:12788002] Starting appintentsmetadataprocessor export
2026-10-08 14:26:05.684 appintentsmetadataprocessor[95340:12788002] warning: Metadata extraction skipped, no AppIntents.framework dependency found

AppIntentsSSUTraining (in target 'CalculatorUITests' from project 'CalculatorSwiftUI')
    cd /tmp/ui-goal04-20261006-azi78jzc/formal-pilot-preparation/app
    /Applications/Xcode-27.0.0.app/Contents/Developer/Toolchains/XcodeDefault.xctoolchain/usr/bin/appintentsnltrainingprocessor --infoplist-path /tmp/ui-goal04-20261006-azi78jzc/formal-pilot-preparation/native/derived/Build/Products/Debug-iphonesimulator/CalculatorUITests-Runner.app/PlugIns/CalculatorUITests.xctest/Info.plist --temp-dir-path /tmp/ui-goal04-20261006-azi78jzc/formal-pilot-preparation/native/derived/Build/Intermediates.noindex/CalculatorSwiftUI.build/Debug-iphonesimulator/CalculatorUITests.build/ssu --bundle-id trial.CalculatorUITests --product-path /tmp/ui-goal04-20261006-azi78jzc/formal-pilot-preparation/native/derived/Build/Products/Debug-iphonesimulator/CalculatorUITests-Runner.app/PlugIns/CalculatorUITests.xctest --extracted-metadata-path /tmp/ui-goal04-20261006-azi78jzc/formal-pilot-preparation/native/derived/Build/Products/Debug-iphonesimulator/CalculatorUITests-Runner.app/PlugIns/CalculatorUITests.xctest/Metadata.appintents --metadata-file-list /tmp/ui-goal04-20261006-azi78jzc/formal-pilot-preparation/native/derived/Build/Intermediates.noindex/CalculatorSwiftUI.build/Debug-iphonesimulator/CalculatorUITests.build/CalculatorUITests.DependencyMetadataFileList --source-file /tmp/ui-goal04-20261006-azi78jzc/formal-pilot-preparation/native/derived/Build/Products/Debug-iphonesimulator/CalculatorUITests-Runner.app/PlugIns/CalculatorUITests.xctest/Info.plist --archive-ssu-assets
2026-10-08 14:26:05.717 appintentsnltrainingprocessor[95341:12788003] Parsing options for appintentsnltrainingprocessor
2026-10-08 14:26:05.718 appintentsnltrainingprocessor[95341:12788003] Starting AppIntents SSU YAML Generation
2026-10-08 14:26:05.718 appintentsnltrainingprocessor[95341:12788003] No AppShortcuts found - Skipping.

MkDir /tmp/ui-goal04-20261006-azi78jzc/formal-pilot-preparation/native/derived/Build/Products/Debug-iphonesimulator/CalculatorUITests-Runner.app (in target 'CalculatorUITests' from project 'CalculatorSwiftUI')
    cd /tmp/ui-goal04-20261006-azi78jzc/formal-pilot-preparation/app
    /bin/mkdir -p /tmp/ui-goal04-20261006-azi78jzc/formal-pilot-preparation/native/derived/Build/Products/Debug-iphonesimulator/CalculatorUITests-Runner.app

CopyPlistFile /tmp/ui-goal04-20261006-azi78jzc/formal-pilot-preparation/native/derived/Build/Products/Debug-iphonesimulator/CalculatorUITests-Runner.app/Info.plist /Applications/Xcode-27.0.0.app/Contents/Developer/Platforms/iPhoneSimulator.platform/Developer/Library/Xcode/Agents/XCTRunner.app/Info.plist (in target 'CalculatorUITests' from project 'CalculatorSwiftUI')
    cd /tmp/ui-goal04-20261006-azi78jzc/formal-pilot-preparation/app
    builtin-copyPlist --validate --convert xml1 --macro-expansion WRAPPEDPRODUCTNAME CalculatorUITests-Runner --macro-expansion WRAPPEDPRODUCTBUNDLEIDENTIFIER trial.CalculatorUITests.xctrunner --macro-expansion TESTPRODUCTNAME CalculatorUITests --macro-expansion TESTPRODUCTBUNDLEIDENTIFIER trial.CalculatorUITests --copy-value UIDeviceFamily /tmp/ui-goal04-20261006-azi78jzc/formal-pilot-preparation/native/derived/Build/Products/Debug-iphonesimulator/CalculatorUITests-Runner.app/PlugIns/CalculatorUITests.xctest/Info.plist --outdir /tmp/ui-goal04-20261006-azi78jzc/formal-pilot-preparation/native/derived/Build/Products/Debug-iphonesimulator/CalculatorUITests-Runner.app -- /Applications/Xcode-27.0.0.app/Contents/Developer/Platforms/iPhoneSimulator.platform/Developer/Library/Xcode/Agents/XCTRunner.app/Info.plist

CopyAndPreserveArchs /tmp/ui-goal04-20261006-azi78jzc/formal-pilot-preparation/native/derived/Build/Products/Debug-iphonesimulator/CalculatorUITests-Runner.app/CalculatorUITests-Runner (in target 'CalculatorUITests' from project 'CalculatorSwiftUI')
    cd /tmp/ui-goal04-20261006-azi78jzc/formal-pilot-preparation/app
    /Applications/Xcode-27.0.0.app/Contents/Developer/Toolchains/XcodeDefault.xctoolchain/usr/bin/lipo /Applications/Xcode-27.0.0.app/Contents/Developer/Platforms/iPhoneSimulator.platform/Developer/Library/Xcode/Agents/XCTRunner.app/XCTRunner -output /tmp/ui-goal04-20261006-azi78jzc/formal-pilot-preparation/native/derived/Build/Products/Debug-iphonesimulator/CalculatorUITests-Runner.app/CalculatorUITests-Runner -extract arm64

Copy /tmp/ui-goal04-20261006-azi78jzc/formal-pilot-preparation/native/derived/Build/Products/Debug-iphonesimulator/CalculatorUITests-Runner.app/PkgInfo /Applications/Xcode-27.0.0.app/Contents/Developer/Platforms/iPhoneSimulator.platform/Developer/Library/Xcode/Agents/XCTRunner.app/PkgInfo (in target 'CalculatorUITests' from project 'CalculatorSwiftUI')
    cd /tmp/ui-goal04-20261006-azi78jzc/formal-pilot-preparation/app
    builtin-copy -exclude .DS_Store -exclude CVS -exclude .svn -exclude .git -exclude .hg -resolve-src-symlinks /Applications/Xcode-27.0.0.app/Contents/Developer/Platforms/iPhoneSimulator.platform/Developer/Library/Xcode/Agents/XCTRunner.app/PkgInfo /tmp/ui-goal04-20261006-azi78jzc/formal-pilot-preparation/native/derived/Build/Products/Debug-iphonesimulator/CalculatorUITests-Runner.app

RegisterExecutionPolicyException /tmp/ui-goal04-20261006-azi78jzc/formal-pilot-preparation/native/derived/Build/Products/Debug-iphonesimulator/CalculatorUITests-Runner.app/PlugIns/CalculatorUITests.xctest (in target 'CalculatorUITests' from project 'CalculatorSwiftUI')
    cd /tmp/ui-goal04-20261006-azi78jzc/formal-pilot-preparation/app
    builtin-RegisterExecutionPolicyException /tmp/ui-goal04-20261006-azi78jzc/formal-pilot-preparation/native/derived/Build/Products/Debug-iphonesimulator/CalculatorUITests-Runner.app/PlugIns/CalculatorUITests.xctest

Touch /tmp/ui-goal04-20261006-azi78jzc/formal-pilot-preparation/native/derived/Build/Products/Debug-iphonesimulator/CalculatorUITests-Runner.app/PlugIns/CalculatorUITests.xctest (in target 'CalculatorUITests' from project 'CalculatorSwiftUI')
    cd /tmp/ui-goal04-20261006-azi78jzc/formal-pilot-preparation/app
    /usr/bin/touch -c /tmp/ui-goal04-20261006-azi78jzc/formal-pilot-preparation/native/derived/Build/Products/Debug-iphonesimulator/CalculatorUITests-Runner.app/PlugIns/CalculatorUITests.xctest

PruneExplicitPrecompiledModules /tmp/ui-goal04-20261006-azi78jzc/formal-pilot-preparation/native/derived/SDKExplicitPrecompiledModules

PruneExplicitPrecompiledModules /tmp/ui-goal04-20261006-azi78jzc/formal-pilot-preparation/native/derived/Build/Intermediates.noindex/ExplicitPrecompiledModules

PruneExplicitPrecompiledModules /tmp/ui-goal04-20261006-azi78jzc/formal-pilot-preparation/native/derived/Build/Intermediates.noindex/SwiftExplicitPrecompiledModules

2026-10-08 14:26:12.438803+0800 CalculatorSwiftUI[95362:12788496] [General] Failed to send CA Event for app launch measurements for ca_event_type: 0 event_name: com.apple.app_launch_measurement.FirstFramePresentationMetric
2026-10-08 14:26:12.485907+0800 CalculatorSwiftUI[95362:12788501] [General] Failed to send CA Event for app launch measurements for ca_event_type: 1 event_name: com.apple.app_launch_measurement.ExtendedLaunchMetrics
Test Suite 'All tests' started at 2026-10-08 14:26:13.194.
Test Suite 'CalculatorTests.xctest' started at 2026-10-08 14:26:13.195.
Test Suite 'CalculationRegressionTests' started at 2026-10-08 14:26:13.195.
Test Case '-[CalculatorTests.CalculationRegressionTests testAppendingDigitsPreservesExistingInputBehavior]' started.
The current number is: 2.0
The current number is: 23.0
Test Case '-[CalculatorTests.CalculationRegressionTests testAppendingDigitsPreservesExistingInputBehavior]' passed (0.002 seconds).
Test Case '-[CalculatorTests.CalculationRegressionTests testExistingArithmeticAndNonfiniteResults]' started.
Test Case '-[CalculatorTests.CalculationRegressionTests testExistingArithmeticAndNonfiniteResults]' passed (0.001 seconds).
Test Case '-[CalculatorTests.CalculationRegressionTests testExistingTrigonometricFunctionsUseRadians]' started.
Test Case '-[CalculatorTests.CalculationRegressionTests testExistingTrigonometricFunctionsUseRadians]' passed (0.001 seconds).
Test Suite 'CalculationRegressionTests' passed at 2026-10-08 14:26:13.200.
	 Executed 3 tests, with 0 failures (0 unexpected) in 0.003 (0.006) seconds
Test Suite 'CalculatorTokensTests' started at 2026-10-08 14:26:13.201.
Test Case '-[CalculatorTests.CalculatorTokensTests testApplicationBundleContainsTheFixedApprovedResource]' started.
Test Case '-[CalculatorTests.CalculatorTokensTests testApplicationBundleContainsTheFixedApprovedResource]' passed (0.001 seconds).
Test Case '-[CalculatorTests.CalculatorTokensTests testDecodeUsesSuppliedValuesInsteadOfFixedConstants]' started.
Test Case '-[CalculatorTests.CalculatorTokensTests testDecodeUsesSuppliedValuesInsteadOfFixedConstants]' passed (0.001 seconds).
Test Case '-[CalculatorTests.CalculatorTokensTests testInvalidLayoutUnitsAndOpacityAreRejected]' started.
Test Case '-[CalculatorTests.CalculatorTokensTests testInvalidLayoutUnitsAndOpacityAreRejected]' passed (0.003 seconds).
Test Case '-[CalculatorTests.CalculatorTokensTests testLoadReadsTheApprovedFile]' started.
Test Case '-[CalculatorTests.CalculatorTokensTests testLoadReadsTheApprovedFile]' passed (0.001 seconds).
Test Case '-[CalculatorTests.CalculatorTokensTests testMalformedJSONAndUnknownSemanticColorAreRejected]' started.
Test Case '-[CalculatorTests.CalculatorTokensTests testMalformedJSONAndUnknownSemanticColorAreRejected]' passed (0.001 seconds).
Test Case '-[CalculatorTests.CalculatorTokensTests testMissingRequiredFieldIsRejected]' started.
Test Case '-[CalculatorTests.CalculatorTokensTests testMissingRequiredFieldIsRejected]' passed (0.001 seconds).
Test Case '-[CalculatorTests.CalculatorTokensTests testMissingResourceReportsTheReadFailure]' started.
Test Case '-[CalculatorTests.CalculatorTokensTests testMissingResourceReportsTheReadFailure]' passed (0.001 seconds).
Test Suite 'CalculatorTokensTests' passed at 2026-10-08 14:26:13.212.
	 Executed 7 tests, with 0 failures (0 unexpected) in 0.009 (0.011) seconds
Test Suite 'CalculatorTests.xctest' passed at 2026-10-08 14:26:13.212.
	 Executed 10 tests, with 0 failures (0 unexpected) in 0.012 (0.017) seconds
Test Suite 'All tests' passed at 2026-10-08 14:26:13.212.
	 Executed 10 tests, with 0 failures (0 unexpected) in 0.012 (0.018) seconds
2026-10-08 14:26:14.490820+0800 CalculatorUITests-Runner[95371:12788574] [Default] Running tests...
    t =      nans Interface orientation changed to Portrait
Test Suite 'All tests' started at 2026-10-08 14:26:17.642.
Test Suite 'CalculatorUITests.xctest' started at 2026-10-08 14:26:17.643.
Test Suite 'CalculatorUITests' started at 2026-10-08 14:26:17.643.
Test Case '-[CalculatorUITests.CalculatorUITests testApprovedCasesOnCurrentDevice]' started.
    t =     0.00s Start Test at 2026-10-08 14:26:17.645
    t =     0.15s Set Up
    t =     0.15s Open TAROKH.CalculatorSwiftUI
    t =     0.15s     Launch TAROKH.CalculatorSwiftUI
objc[95371]: Class UIAccessibilityLoaderWebShared is implemented in both /Library/Developer/CoreSimulator/Volumes/iOS_24A434/Library/Developer/CoreSimulator/Profiles/Runtimes/iOS 27.0.simruntime/Contents/Resources/RuntimeRoot/System/Library/AccessibilityBundles/WebKit.axbundle/WebKit (0x1056b0398) and /Library/Developer/CoreSimulator/Volumes/iOS_24A434/Library/Developer/CoreSimulator/Profiles/Runtimes/iOS 27.0.simruntime/Contents/Resources/RuntimeRoot/System/Library/AccessibilityBundles/WebCore.axbundle/WebCore (0x1057a4310). This may cause spurious casting failures and mysterious crashes. One of the duplicates must be removed or renamed.
    t =     0.43s         Setting up automation session
    t =     2.65s         Wait for TAROKH.CalculatorSwiftUI to idle
    t =     3.92s Waiting 5.0s for "display" StaticText to exist
    t =     4.99s     Checking `Expect predicate `existsNoRetry == 1` for object "display" StaticText`
    t =     5.00s         Checking existence of `"display" StaticText`
    t =     5.10s A01
    t =     6.17s     Checking `Expect predicate `label == "0.00"` for object "display" StaticText`
    t =     6.18s         Find the "display" StaticText
    t =     6.20s     Find the "display" StaticText
    t =     6.21s     Find the Window (First Match)
    t =     6.22s     Find the "display" StaticText
    t =     6.24s     Find the Target Application 'TAROKH.CalculatorSwiftUI'
    t =     6.32s     Find the "display" StaticText
CASE A01 PASS display=0.00
    t =     6.33s A02
    t =     6.33s     Waiting 5.0s for "key-2" Any to exist
    t =     7.33s         Checking `Expect predicate `existsNoRetry == 1` for object "key-2" Any`
    t =     7.33s             Checking existence of `"key-2" Any`
    t =     7.37s     Find the "key-2" Any
    t =     7.46s     Tap "key-2" StaticText
    t =     7.46s         Wait for TAROKH.CalculatorSwiftUI to idle
    t =     7.46s         Find the "key-2" StaticText
    t =     7.49s         Check for interrupting elements affecting "key-2" StaticText
    t =     7.52s         Synthesize event
    t =     7.96s         Wait for TAROKH.CalculatorSwiftUI to idle
    t =     7.96s     Waiting 5.0s for "key-3" Any to exist
    t =     9.00s         Checking `Expect predicate `existsNoRetry == 1` for object "key-3" Any`
    t =     9.00s             Checking existence of `"key-3" Any`
    t =     9.04s     Find the "key-3" Any
    t =     9.08s     Tap "key-3" StaticText
    t =     9.08s         Wait for TAROKH.CalculatorSwiftUI to idle
    t =     9.08s         Find the "key-3" StaticText
    t =     9.11s         Check for interrupting elements affecting "key-3" StaticText
    t =     9.14s         Synthesize event
    t =     9.43s         Wait for TAROKH.CalculatorSwiftUI to idle
    t =    10.47s     Checking `Expect predicate `label == "23.00"` for object "display" StaticText`
    t =    10.47s         Find the "display" StaticText
    t =    10.49s     Find the "display" StaticText
    t =    10.50s     Find the Window (First Match)
    t =    10.51s     Find the "display" StaticText
    t =    10.52s     Find the Target Application 'TAROKH.CalculatorSwiftUI'
    t =    10.59s     Find the "display" StaticText
CASE A02 PASS display=23.00
    t =    10.60s A03
    t =    10.60s     Waiting 5.0s for "key-clear" Any to exist
    t =    11.63s         Checking `Expect predicate `existsNoRetry == 1` for object "key-clear" Any`
    t =    11.63s             Checking existence of `"key-clear" Any`
    t =    11.67s     Find the "key-clear" Any
    t =    11.71s     Tap "key-clear" Image
    t =    11.71s         Wait for TAROKH.CalculatorSwiftUI to idle
    t =    11.72s         Find the "key-clear" Image
    t =    11.75s         Check for interrupting elements affecting "key-clear" Image
    t =    11.78s         Synthesize event
    t =    12.07s         Wait for TAROKH.CalculatorSwiftUI to idle
    t =    12.08s     Waiting 5.0s for "key-2" Any to exist
    t =    13.11s         Checking `Expect predicate `existsNoRetry == 1` for object "key-2" Any`
    t =    13.11s             Checking existence of `"key-2" Any`
    t =    13.14s     Find the "key-2" Any
    t =    13.18s     Tap "key-2" StaticText
    t =    13.19s         Wait for TAROKH.CalculatorSwiftUI to idle
    t =    13.19s         Find the "key-2" StaticText
    t =    13.22s         Check for interrupting elements affecting "key-2" StaticText
    t =    13.24s         Synthesize event
    t =    13.54s         Wait for TAROKH.CalculatorSwiftUI to idle
    t =    13.54s     Waiting 5.0s for "key-plus" Any to exist
    t =    14.58s         Checking `Expect predicate `existsNoRetry == 1` for object "key-plus" Any`
    t =    14.58s             Checking existence of `"key-plus" Any`
    t =    14.61s     Find the "key-plus" Any
    t =    14.65s     Tap "key-plus" Image
    t =    14.65s         Wait for TAROKH.CalculatorSwiftUI to idle
    t =    14.65s         Find the "key-plus" Image
    t =    14.68s         Check for interrupting elements affecting "key-plus" Image
    t =    14.70s         Synthesize event
    t =    15.00s         Wait for TAROKH.CalculatorSwiftUI to idle
    t =    15.00s     Waiting 5.0s for "key-3" Any to exist
    t =    16.03s         Checking `Expect predicate `existsNoRetry == 1` for object "key-3" Any`
    t =    16.04s             Checking existence of `"key-3" Any`
    t =    16.07s     Find the "key-3" Any
    t =    16.12s     Tap "key-3" StaticText
    t =    16.12s         Wait for TAROKH.CalculatorSwiftUI to idle
    t =    16.12s         Find the "key-3" StaticText
    t =    16.15s         Check for interrupting elements affecting "key-3" StaticText
    t =    16.18s         Synthesize event
    t =    16.47s         Wait for TAROKH.CalculatorSwiftUI to idle
    t =    16.48s     Waiting 5.0s for "key-equal" Any to exist
    t =    17.51s         Checking `Expect predicate `existsNoRetry == 1` for object "key-equal" Any`
    t =    17.52s             Checking existence of `"key-equal" Any`
    t =    17.58s     Find the "key-equal" Any
    t =    17.63s     Tap "key-equal" Image
    t =    17.63s         Wait for TAROKH.CalculatorSwiftUI to idle
    t =    17.63s         Find the "key-equal" Image
    t =    17.67s         Check for interrupting elements affecting "key-equal" Image
    t =    17.69s         Synthesize event
    t =    17.99s         Wait for TAROKH.CalculatorSwiftUI to idle
    t =    19.06s     Checking `Expect predicate `label == "5.00"` for object "display" StaticText`
    t =    19.06s         Find the "display" StaticText
    t =    19.11s     Find the "display" StaticText
    t =    19.13s     Find the Window (First Match)
    t =    19.14s     Find the "display" StaticText
    t =    19.15s     Find the Target Application 'TAROKH.CalculatorSwiftUI'
    t =    19.22s     Find the "display" StaticText
CASE A03 PASS display=5.00
    t =    19.23s A04
    t =    19.23s     Waiting 5.0s for "key-clear" Any to exist
    t =    20.27s         Checking `Expect predicate `existsNoRetry == 1` for object "key-clear" Any`
    t =    20.27s             Checking existence of `"key-clear" Any`
    t =    20.30s     Find the "key-clear" Any
    t =    20.34s     Tap "key-clear" Image
    t =    20.34s         Wait for TAROKH.CalculatorSwiftUI to idle
    t =    20.34s         Find the "key-clear" Image
    t =    20.37s         Check for interrupting elements affecting "key-clear" Image
    t =    20.40s         Synthesize event
    t =    20.69s         Wait for TAROKH.CalculatorSwiftUI to idle
    t =    20.70s     Waiting 5.0s for "key-2" Any to exist
    t =    21.73s         Checking `Expect predicate `existsNoRetry == 1` for object "key-2" Any`
    t =    21.73s             Checking existence of `"key-2" Any`
    t =    21.76s     Find the "key-2" Any
    t =    21.81s     Tap "key-2" StaticText
    t =    21.81s         Wait for TAROKH.CalculatorSwiftUI to idle
    t =    21.82s         Find the "key-2" StaticText
    t =    21.88s         Check for interrupting elements affecting "key-2" StaticText
    t =    21.92s         Synthesize event
    t =    22.23s         Wait for TAROKH.CalculatorSwiftUI to idle
    t =    22.23s     Waiting 5.0s for "key-minus" Any to exist
    t =    23.27s         Checking `Expect predicate `existsNoRetry == 1` for object "key-minus" Any`
    t =    23.27s             Checking existence of `"key-minus" Any`
    t =    23.30s     Find the "key-minus" Any
    t =    23.34s     Tap "key-minus" Image
    t =    23.34s         Wait for TAROKH.CalculatorSwiftUI to idle
    t =    23.35s         Find the "key-minus" Image
    t =    23.38s         Check for interrupting elements affecting "key-minus" Image
    t =    23.40s         Synthesize event
    t =    23.70s         Wait for TAROKH.CalculatorSwiftUI to idle
    t =    23.70s     Waiting 5.0s for "key-3" Any to exist
    t =    24.74s         Checking `Expect predicate `existsNoRetry == 1` for object "key-3" Any`
    t =    24.74s             Checking existence of `"key-3" Any`
    t =    24.78s     Find the "key-3" Any
    t =    24.83s     Tap "key-3" StaticText
    t =    24.83s         Wait for TAROKH.CalculatorSwiftUI to idle
    t =    24.83s         Find the "key-3" StaticText
    t =    24.87s         Check for interrupting elements affecting "key-3" StaticText
    t =    24.89s         Synthesize event
    t =    25.19s         Wait for TAROKH.CalculatorSwiftUI to idle
    t =    25.20s     Waiting 5.0s for "key-equal" Any to exist
    t =    26.24s         Checking `Expect predicate `existsNoRetry == 1` for object "key-equal" Any`
    t =    26.24s             Checking existence of `"key-equal" Any`
    t =    26.28s     Find the "key-equal" Any
    t =    26.33s     Tap "key-equal" Image
    t =    26.33s         Wait for TAROKH.CalculatorSwiftUI to idle
    t =    26.33s         Find the "key-equal" Image
    t =    26.37s         Check for interrupting elements affecting "key-equal" Image
    t =    26.39s         Synthesize event
    t =    26.68s         Wait for TAROKH.CalculatorSwiftUI to idle
    t =    27.72s     Checking `Expect predicate `label == "-1.00"` for object "display" StaticText`
    t =    27.73s         Find the "display" StaticText
    t =    27.76s     Find the "display" StaticText
    t =    27.77s     Find the Window (First Match)
    t =    27.78s     Find the "display" StaticText
    t =    27.80s     Find the Target Application 'TAROKH.CalculatorSwiftUI'
    t =    27.87s     Find the "display" StaticText
CASE A04 PASS display=-1.00
    t =    27.88s A05
    t =    27.88s     Waiting 5.0s for "key-clear" Any to exist
    t =    28.92s         Checking `Expect predicate `existsNoRetry == 1` for object "key-clear" Any`
    t =    28.92s             Checking existence of `"key-clear" Any`
    t =    28.96s     Find the "key-clear" Any
    t =    29.00s     Tap "key-clear" Image
    t =    29.00s         Wait for TAROKH.CalculatorSwiftUI to idle
    t =    29.00s         Find the "key-clear" Image
    t =    29.04s         Check for interrupting elements affecting "key-clear" Image
    t =    29.06s         Synthesize event
    t =    29.36s         Wait for TAROKH.CalculatorSwiftUI to idle
    t =    29.36s     Waiting 5.0s for "key-2" Any to exist
    t =    30.39s         Checking `Expect predicate `existsNoRetry == 1` for object "key-2" Any`
    t =    30.39s             Checking existence of `"key-2" Any`
    t =    30.42s     Find the "key-2" Any
    t =    30.47s     Tap "key-2" StaticText
    t =    30.47s         Wait for TAROKH.CalculatorSwiftUI to idle
    t =    30.48s         Find the "key-2" StaticText
    t =    30.52s         Check for interrupting elements affecting "key-2" StaticText
    t =    30.56s         Synthesize event
    t =    30.87s         Wait for TAROKH.CalculatorSwiftUI to idle
    t =    30.87s     Waiting 5.0s for "key-multiply" Any to exist
    t =    31.91s         Checking `Expect predicate `existsNoRetry == 1` for object "key-multiply" Any`
    t =    31.91s             Checking existence of `"key-multiply" Any`
    t =    31.93s     Find the "key-multiply" Any
    t =    31.96s     Tap "key-multiply" Image
    t =    31.96s         Wait for TAROKH.CalculatorSwiftUI to idle
    t =    31.96s         Find the "key-multiply" Image
    t =    31.98s         Check for interrupting elements affecting "key-multiply" Image
    t =    32.00s         Synthesize event
    t =    32.30s         Wait for TAROKH.CalculatorSwiftUI to idle
    t =    32.30s     Waiting 5.0s for "key-3" Any to exist
    t =    33.34s         Checking `Expect predicate `existsNoRetry == 1` for object "key-3" Any`
    t =    33.34s             Checking existence of `"key-3" Any`
    t =    33.37s     Find the "key-3" Any
    t =    33.45s     Tap "key-3" StaticText
    t =    33.45s         Wait for TAROKH.CalculatorSwiftUI to idle
    t =    33.45s         Find the "key-3" StaticText
    t =    33.50s         Check for interrupting elements affecting "key-3" StaticText
    t =    33.53s         Synthesize event
    t =    33.84s         Wait for TAROKH.CalculatorSwiftUI to idle
    t =    33.84s     Waiting 5.0s for "key-equal" Any to exist
    t =    34.87s         Checking `Expect predicate `existsNoRetry == 1` for object "key-equal" Any`
    t =    34.88s             Checking existence of `"key-equal" Any`
    t =    34.91s     Find the "key-equal" Any
    t =    34.96s     Tap "key-equal" Image
    t =    34.96s         Wait for TAROKH.CalculatorSwiftUI to idle
    t =    34.97s         Find the "key-equal" Image
    t =    35.01s         Check for interrupting elements affecting "key-equal" Image
    t =    35.04s         Synthesize event
    t =    35.33s         Wait for TAROKH.CalculatorSwiftUI to idle
    t =    36.37s     Checking `Expect predicate `label == "6.00"` for object "display" StaticText`
    t =    36.38s         Find the "display" StaticText
    t =    36.39s     Find the "display" StaticText
    t =    36.41s     Find the Window (First Match)
    t =    36.42s     Find the "display" StaticText
    t =    36.43s     Find the Target Application 'TAROKH.CalculatorSwiftUI'
    t =    36.50s     Find the "display" StaticText
CASE A05 PASS display=6.00
    t =    36.51s A06
    t =    36.51s     Waiting 5.0s for "key-clear" Any to exist
    t =    37.55s         Checking `Expect predicate `existsNoRetry == 1` for object "key-clear" Any`
    t =    37.55s             Checking existence of `"key-clear" Any`
    t =    37.59s     Find the "key-clear" Any
    t =    37.64s     Tap "key-clear" Image
    t =    37.64s         Wait for TAROKH.CalculatorSwiftUI to idle
    t =    37.64s         Find the "key-clear" Image
    t =    37.68s         Check for interrupting elements affecting "key-clear" Image
    t =    37.71s         Synthesize event
    t =    38.01s         Wait for TAROKH.CalculatorSwiftUI to idle
    t =    38.01s     Waiting 5.0s for "key-8" Any to exist
    t =    39.04s         Checking `Expect predicate `existsNoRetry == 1` for object "key-8" Any`
    t =    39.04s             Checking existence of `"key-8" Any`
    t =    39.06s     Find the "key-8" Any
    t =    39.09s     Tap "key-8" StaticText
    t =    39.09s         Wait for TAROKH.CalculatorSwiftUI to idle
    t =    39.10s         Find the "key-8" StaticText
    t =    39.12s         Check for interrupting elements affecting "key-8" StaticText
    t =    39.15s         Synthesize event
    t =    39.45s         Wait for TAROKH.CalculatorSwiftUI to idle
    t =    39.46s     Waiting 5.0s for "key-divide" Any to exist
    t =    40.49s         Checking `Expect predicate `existsNoRetry == 1` for object "key-divide" Any`
    t =    40.49s             Checking existence of `"key-divide" Any`
    t =    40.53s     Find the "key-divide" Any
    t =    40.57s     Tap "key-divide" Image
    t =    40.57s         Wait for TAROKH.CalculatorSwiftUI to idle
    t =    40.58s         Find the "key-divide" Image
    t =    40.60s         Check for interrupting elements affecting "key-divide" Image
    t =    40.64s         Synthesize event
    t =    40.93s         Wait for TAROKH.CalculatorSwiftUI to idle
    t =    40.94s     Waiting 5.0s for "key-2" Any to exist
    t =    41.97s         Checking `Expect predicate `existsNoRetry == 1` for object "key-2" Any`
    t =    41.97s             Checking existence of `"key-2" Any`
    t =    42.01s     Find the "key-2" Any
    t =    42.05s     Tap "key-2" StaticText
    t =    42.05s         Wait for TAROKH.CalculatorSwiftUI to idle
    t =    42.05s         Find the "key-2" StaticText
    t =    42.08s         Check for interrupting elements affecting "key-2" StaticText
    t =    42.10s         Synthesize event
    t =    42.40s         Wait for TAROKH.CalculatorSwiftUI to idle
    t =    42.40s     Waiting 5.0s for "key-equal" Any to exist
    t =    43.43s         Checking `Expect predicate `existsNoRetry == 1` for object "key-equal" Any`
    t =    43.46s             Checking existence of `"key-equal" Any`
    t =    43.50s     Find the "key-equal" Any
    t =    43.55s     Tap "key-equal" Image
    t =    43.55s         Wait for TAROKH.CalculatorSwiftUI to idle
    t =    43.56s         Find the "key-equal" Image
    t =    43.59s         Check for interrupting elements affecting "key-equal" Image
    t =    43.62s         Synthesize event
    t =    43.91s         Wait for TAROKH.CalculatorSwiftUI to idle
    t =    44.94s     Checking `Expect predicate `label == "4.00"` for object "display" StaticText`
    t =    44.95s         Find the "display" StaticText
    t =    44.97s     Find the "display" StaticText
    t =    44.98s     Find the Window (First Match)
    t =    44.99s     Find the "display" StaticText
    t =    45.01s     Find the Target Application 'TAROKH.CalculatorSwiftUI'
    t =    45.08s     Find the "display" StaticText
CASE A06 PASS display=4.00
    t =    45.09s A07
    t =    45.09s     Waiting 5.0s for "key-clear" Any to exist
    t =    46.13s         Checking `Expect predicate `existsNoRetry == 1` for object "key-clear" Any`
    t =    46.13s             Checking existence of `"key-clear" Any`
    t =    46.18s     Find the "key-clear" Any
    t =    46.22s     Tap "key-clear" Image
    t =    46.22s         Wait for TAROKH.CalculatorSwiftUI to idle
    t =    46.23s         Find the "key-clear" Image
    t =    46.26s         Check for interrupting elements affecting "key-clear" Image
    t =    46.28s         Synthesize event
    t =    46.58s         Wait for TAROKH.CalculatorSwiftUI to idle
    t =    47.63s     Checking `Expect predicate `label == "0.00"` for object "display" StaticText`
    t =    47.65s         Find the "display" StaticText
    t =    47.67s     Find the "display" StaticText
    t =    47.69s     Find the Window (First Match)
    t =    47.70s     Find the "display" StaticText
    t =    47.72s     Find the Target Application 'TAROKH.CalculatorSwiftUI'
    t =    47.78s     Find the "display" StaticText
CASE A07 PASS display=0.00
    t =    47.80s A08
    t =    47.80s     Waiting 5.0s for "key-clear" Any to exist
    t =    48.82s         Checking `Expect predicate `existsNoRetry == 1` for object "key-clear" Any`
    t =    48.83s             Checking existence of `"key-clear" Any`
    t =    48.89s     Find the "key-clear" Any
    t =    48.93s     Tap "key-clear" Image
    t =    48.93s         Wait for TAROKH.CalculatorSwiftUI to idle
    t =    48.94s         Find the "key-clear" Image
    t =    48.97s         Check for interrupting elements affecting "key-clear" Image
    t =    49.00s         Synthesize event
    t =    49.29s         Wait for TAROKH.CalculatorSwiftUI to idle
    t =    49.30s     Waiting 5.0s for "key-1" Any to exist
    t =    50.32s         Checking `Expect predicate `existsNoRetry == 1` for object "key-1" Any`
    t =    50.33s             Checking existence of `"key-1" Any`
    t =    50.36s     Find the "key-1" Any
    t =    50.39s     Tap "key-1" StaticText
    t =    50.39s         Wait for TAROKH.CalculatorSwiftUI to idle
    t =    50.40s         Find the "key-1" StaticText
    t =    50.42s         Check for interrupting elements affecting "key-1" StaticText
    t =    50.45s         Synthesize event
    t =    50.74s         Wait for TAROKH.CalculatorSwiftUI to idle
    t =    50.75s     Waiting 5.0s for "key-2" Any to exist
    t =    51.78s         Checking `Expect predicate `existsNoRetry == 1` for object "key-2" Any`
    t =    51.78s             Checking existence of `"key-2" Any`
    t =    51.84s     Find the "key-2" Any
    t =    51.88s     Tap "key-2" StaticText
    t =    51.88s         Wait for TAROKH.CalculatorSwiftUI to idle
    t =    51.88s         Find the "key-2" StaticText
    t =    51.91s         Check for interrupting elements affecting "key-2" StaticText
    t =    51.93s         Synthesize event
    t =    52.23s         Wait for TAROKH.CalculatorSwiftUI to idle
    t =    52.23s     Waiting 5.0s for "key-3" Any to exist
    t =    53.26s         Checking `Expect predicate `existsNoRetry == 1` for object "key-3" Any`
    t =    53.26s             Checking existence of `"key-3" Any`
    t =    53.30s     Find the "key-3" Any
    t =    53.34s     Tap "key-3" StaticText
    t =    53.34s         Wait for TAROKH.CalculatorSwiftUI to idle
    t =    53.34s         Find the "key-3" StaticText
    t =    53.38s         Check for interrupting elements affecting "key-3" StaticText
    t =    53.40s         Synthesize event
    t =    53.70s         Wait for TAROKH.CalculatorSwiftUI to idle
    t =    53.71s     Waiting 5.0s for "key-4" Any to exist
    t =    54.74s         Checking `Expect predicate `existsNoRetry == 1` for object "key-4" Any`
    t =    54.74s             Checking existence of `"key-4" Any`
    t =    54.79s     Find the "key-4" Any
    t =    54.83s     Tap "key-4" StaticText
    t =    54.83s         Wait for TAROKH.CalculatorSwiftUI to idle
    t =    54.83s         Find the "key-4" StaticText
    t =    54.86s         Check for interrupting elements affecting "key-4" StaticText
    t =    54.88s         Synthesize event
    t =    55.18s         Wait for TAROKH.CalculatorSwiftUI to idle
    t =    55.19s     Waiting 5.0s for "key-5" Any to exist
    t =    56.22s         Checking `Expect predicate `existsNoRetry == 1` for object "key-5" Any`
    t =    56.22s             Checking existence of `"key-5" Any`
    t =    56.26s     Find the "key-5" Any
    t =    56.30s     Tap "key-5" StaticText
    t =    56.30s         Wait for TAROKH.CalculatorSwiftUI to idle
    t =    56.30s         Find the "key-5" StaticText
    t =    56.32s         Check for interrupting elements affecting "key-5" StaticText
    t =    56.35s         Synthesize event
    t =    56.65s         Wait for TAROKH.CalculatorSwiftUI to idle
    t =    56.66s     Waiting 5.0s for "key-6" Any to exist
    t =    57.69s         Checking `Expect predicate `existsNoRetry == 1` for object "key-6" Any`
    t =    57.69s             Checking existence of `"key-6" Any`
    t =    57.74s     Find the "key-6" Any
    t =    57.77s     Tap "key-6" StaticText
    t =    57.77s         Wait for TAROKH.CalculatorSwiftUI to idle
    t =    57.78s         Find the "key-6" StaticText
    t =    57.80s         Check for interrupting elements affecting "key-6" StaticText
    t =    57.83s         Synthesize event
    t =    58.13s         Wait for TAROKH.CalculatorSwiftUI to idle
    t =    58.14s     Waiting 5.0s for "key-7" Any to exist
    t =    59.17s         Checking `Expect predicate `existsNoRetry == 1` for object "key-7" Any`
    t =    59.18s             Checking existence of `"key-7" Any`
    t =    59.21s     Find the "key-7" Any
    t =    59.24s     Tap "key-7" StaticText
    t =    59.24s         Wait for TAROKH.CalculatorSwiftUI to idle
    t =    59.25s         Find the "key-7" StaticText
    t =    59.27s         Check for interrupting elements affecting "key-7" StaticText
    t =    59.29s         Synthesize event
    t =    59.58s         Wait for TAROKH.CalculatorSwiftUI to idle
    t =    59.59s     Waiting 5.0s for "key-8" Any to exist
    t =    60.61s         Checking `Expect predicate `existsNoRetry == 1` for object "key-8" Any`
    t =    60.61s             Checking existence of `"key-8" Any`
    t =    60.63s     Find the "key-8" Any
    t =    60.66s     Tap "key-8" StaticText
    t =    60.66s         Wait for TAROKH.CalculatorSwiftUI to idle
    t =    60.66s         Find the "key-8" StaticText
    t =    60.68s         Check for interrupting elements affecting "key-8" StaticText
    t =    60.70s         Synthesize event
    t =    60.99s         Wait for TAROKH.CalculatorSwiftUI to idle
    t =    61.00s     Waiting 5.0s for "key-9" Any to exist
    t =    62.03s         Checking `Expect predicate `existsNoRetry == 1` for object "key-9" Any`
    t =    62.03s             Checking existence of `"key-9" Any`
    t =    62.07s     Find the "key-9" Any
    t =    62.11s     Tap "key-9" StaticText
    t =    62.11s         Wait for TAROKH.CalculatorSwiftUI to idle
    t =    62.11s         Find the "key-9" StaticText
    t =    62.13s         Check for interrupting elements affecting "key-9" StaticText
    t =    62.15s         Synthesize event
    t =    62.44s         Wait for TAROKH.CalculatorSwiftUI to idle
    t =    62.45s     Waiting 5.0s for "key-0" Any to exist
    t =    63.48s         Checking `Expect predicate `existsNoRetry == 1` for object "key-0" Any`
    t =    63.48s             Checking existence of `"key-0" Any`
    t =    63.54s     Find the "key-0" Any
    t =    63.58s     Tap "key-0" StaticText
    t =    63.58s         Wait for TAROKH.CalculatorSwiftUI to idle
    t =    63.59s         Find the "key-0" StaticText
    t =    63.62s         Check for interrupting elements affecting "key-0" StaticText
    t =    63.64s         Synthesize event
    t =    63.95s         Wait for TAROKH.CalculatorSwiftUI to idle
    t =    64.98s     Checking `Expect predicate `label == "1234567890.00"` for object "display" StaticText`
    t =    64.99s         Find the "display" StaticText
    t =    65.03s     Find the "display" StaticText
    t =    65.05s     Find the Window (First Match)
    t =    65.05s     Find the "display" StaticText
    t =    65.07s     Find the Target Application 'TAROKH.CalculatorSwiftUI'
    t =    65.13s     Find the "display" StaticText
CASE A08 PASS display=1234567890.00
    t =    65.15s A09
    t =    65.15s     Waiting 5.0s for "key-clear" Any to exist
    t =    66.19s         Checking `Expect predicate `existsNoRetry == 1` for object "key-clear" Any`
    t =    66.19s             Checking existence of `"key-clear" Any`
    t =    66.23s     Find the "key-clear" Any
    t =    66.28s     Tap "key-clear" Image
    t =    66.28s         Wait for TAROKH.CalculatorSwiftUI to idle
    t =    66.28s         Find the "key-clear" Image
    t =    66.31s         Check for interrupting elements affecting "key-clear" Image
    t =    66.34s         Synthesize event
    t =    66.63s         Wait for TAROKH.CalculatorSwiftUI to idle
    t =    66.63s     Waiting 5.0s for "key-1" Any to exist
    t =    67.65s         Checking `Expect predicate `existsNoRetry == 1` for object "key-1" Any`
    t =    67.65s             Checking existence of `"key-1" Any`
    t =    67.68s     Find the "key-1" Any
    t =    67.72s     Tap "key-1" StaticText
    t =    67.72s         Wait for TAROKH.CalculatorSwiftUI to idle
    t =    67.72s         Find the "key-1" StaticText
    t =    67.75s         Check for interrupting elements affecting "key-1" StaticText
    t =    67.78s         Synthesize event
    t =    68.07s         Wait for TAROKH.CalculatorSwiftUI to idle
    t =    68.08s     Waiting 5.0s for "key-divide" Any to exist
    t =    69.12s         Checking `Expect predicate `existsNoRetry == 1` for object "key-divide" Any`
    t =    69.12s             Checking existence of `"key-divide" Any`
    t =    69.17s     Find the "key-divide" Any
    t =    69.20s     Tap "key-divide" Image
    t =    69.20s         Wait for TAROKH.CalculatorSwiftUI to idle
    t =    69.21s         Find the "key-divide" Image
    t =    69.23s         Check for interrupting elements affecting "key-divide" Image
    t =    69.25s         Synthesize event
    t =    69.55s         Wait for TAROKH.CalculatorSwiftUI to idle
    t =    69.56s     Waiting 5.0s for "key-0" Any to exist
    t =    70.59s         Checking `Expect predicate `existsNoRetry == 1` for object "key-0" Any`
    t =    70.59s             Checking existence of `"key-0" Any`
    t =    70.63s     Find the "key-0" Any
    t =    70.67s     Tap "key-0" StaticText
    t =    70.67s         Wait for TAROKH.CalculatorSwiftUI to idle
    t =    70.67s         Find the "key-0" StaticText
    t =    70.71s         Check for interrupting elements affecting "key-0" StaticText
    t =    70.73s         Synthesize event
    t =    71.03s         Wait for TAROKH.CalculatorSwiftUI to idle
    t =    71.04s     Waiting 5.0s for "key-equal" Any to exist
    t =    72.06s         Checking `Expect predicate `existsNoRetry == 1` for object "key-equal" Any`
    t =    72.06s             Checking existence of `"key-equal" Any`
    t =    72.12s     Find the "key-equal" Any
    t =    72.17s     Tap "key-equal" Image
    t =    72.17s         Wait for TAROKH.CalculatorSwiftUI to idle
    t =    72.17s         Find the "key-equal" Image
    t =    72.21s         Check for interrupting elements affecting "key-equal" Image
    t =    72.23s         Synthesize event
    t =    72.53s         Wait for TAROKH.CalculatorSwiftUI to idle
    t =    73.56s     Checking `Expect predicate `label == "inf"` for object "display" StaticText`
    t =    73.56s         Find the "display" StaticText
    t =    73.60s     Find the "display" StaticText
    t =    73.61s     Find the Window (First Match)
    t =    73.62s     Find the "display" StaticText
    t =    73.64s     Find the Target Application 'TAROKH.CalculatorSwiftUI'
    t =    73.70s     Find the "display" StaticText
CASE A09 PASS display=inf
    t =    73.72s A10
    t =    73.72s     Waiting 5.0s for "key-clear" Any to exist
    t =    74.73s         Checking `Expect predicate `existsNoRetry == 1` for object "key-clear" Any`
    t =    74.74s             Checking existence of `"key-clear" Any`
    t =    74.79s     Find the "key-clear" Any
    t =    74.84s     Tap "key-clear" Image
    t =    74.84s         Wait for TAROKH.CalculatorSwiftUI to idle
    t =    74.84s         Find the "key-clear" Image
    t =    74.88s         Check for interrupting elements affecting "key-clear" Image
    t =    74.90s         Synthesize event
    t =    75.18s         Wait for TAROKH.CalculatorSwiftUI to idle
    t =    75.19s     Waiting 5.0s for "key-0" Any to exist
    t =    76.21s         Checking `Expect predicate `existsNoRetry == 1` for object "key-0" Any`
    t =    76.21s             Checking existence of `"key-0" Any`
    t =    76.25s     Find the "key-0" Any
    t =    76.29s     Tap "key-0" StaticText
    t =    76.29s         Wait for TAROKH.CalculatorSwiftUI to idle
    t =    76.30s         Find the "key-0" StaticText
    t =    76.33s         Check for interrupting elements affecting "key-0" StaticText
    t =    76.35s         Synthesize event
    t =    76.64s         Wait for TAROKH.CalculatorSwiftUI to idle
    t =    76.65s     Waiting 5.0s for "key-divide" Any to exist
    t =    77.67s         Checking `Expect predicate `existsNoRetry == 1` for object "key-divide" Any`
    t =    77.67s             Checking existence of `"key-divide" Any`
    t =    77.70s     Find the "key-divide" Any
    t =    77.73s     Tap "key-divide" Image
    t =    77.73s         Wait for TAROKH.CalculatorSwiftUI to idle
    t =    77.74s         Find the "key-divide" Image
    t =    77.76s         Check for interrupting elements affecting "key-divide" Image
    t =    77.78s         Synthesize event
    t =    78.08s         Wait for TAROKH.CalculatorSwiftUI to idle
    t =    78.08s     Waiting 5.0s for "key-0" Any to exist
    t =    79.10s         Checking `Expect predicate `existsNoRetry == 1` for object "key-0" Any`
    t =    79.10s             Checking existence of `"key-0" Any`
    t =    79.14s     Find the "key-0" Any
    t =    79.19s     Tap "key-0" StaticText
    t =    79.19s         Wait for TAROKH.CalculatorSwiftUI to idle
    t =    79.19s         Find the "key-0" StaticText
    t =    79.22s         Check for interrupting elements affecting "key-0" StaticText
    t =    79.25s         Synthesize event
    t =    79.55s         Wait for TAROKH.CalculatorSwiftUI to idle
    t =    79.56s     Waiting 5.0s for "key-equal" Any to exist
    t =    80.60s         Checking `Expect predicate `existsNoRetry == 1` for object "key-equal" Any`
    t =    80.60s             Checking existence of `"key-equal" Any`
    t =    80.64s     Find the "key-equal" Any
    t =    80.69s     Tap "key-equal" Image
    t =    80.69s         Wait for TAROKH.CalculatorSwiftUI to idle
    t =    80.69s         Find the "key-equal" Image
    t =    80.73s         Check for interrupting elements affecting "key-equal" Image
    t =    80.75s         Synthesize event
    t =    81.05s         Wait for TAROKH.CalculatorSwiftUI to idle
    t =    82.08s     Checking `Expect predicate `label == "nan"` for object "display" StaticText`
    t =    82.08s         Find the "display" StaticText
    t =    82.13s     Find the "display" StaticText
    t =    82.15s     Find the Window (First Match)
    t =    82.16s     Find the "display" StaticText
    t =    82.17s     Find the Target Application 'TAROKH.CalculatorSwiftUI'
    t =    82.24s     Find the "display" StaticText
CASE A10 PASS display=nan
    t =    82.25s A11
    t =    82.25s     Waiting 5.0s for "key-clear" Any to exist
    t =    83.28s         Checking `Expect predicate `existsNoRetry == 1` for object "key-clear" Any`
    t =    83.28s             Checking existence of `"key-clear" Any`
    t =    83.31s     Find the "key-clear" Any
    t =    83.36s     Tap "key-clear" Image
    t =    83.36s         Wait for TAROKH.CalculatorSwiftUI to idle
    t =    83.36s         Find the "key-clear" Image
    t =    83.40s         Check for interrupting elements affecting "key-clear" Image
    t =    83.42s         Synthesize event
    t =    83.72s         Wait for TAROKH.CalculatorSwiftUI to idle
    t =    83.72s     Waiting 5.0s for "key-sin" Any to exist
    t =    84.75s         Checking `Expect predicate `existsNoRetry == 1` for object "key-sin" Any`
    t =    84.75s             Checking existence of `"key-sin" Any`
    t =    84.77s     Find the "key-sin" Any
    t =    84.79s     Tap "key-sin" StaticText
    t =    84.79s         Wait for TAROKH.CalculatorSwiftUI to idle
    t =    84.80s         Find the "key-sin" StaticText
    t =    84.81s         Check for interrupting elements affecting "key-sin" StaticText
    t =    84.84s         Synthesize event
    t =    85.14s         Wait for TAROKH.CalculatorSwiftUI to idle
    t =    86.19s     Checking `Expect predicate `label == "0.00"` for object "display" StaticText`
    t =    86.19s         Find the "display" StaticText
    t =    86.21s     Find the "display" StaticText
    t =    86.24s     Find the Window (First Match)
    t =    86.25s     Find the "display" StaticText
    t =    86.26s     Find the Target Application 'TAROKH.CalculatorSwiftUI'
    t =    86.33s     Find the "display" StaticText
CASE A11 PASS display=0.00
    t =    86.35s A12
    t =    86.35s     Waiting 5.0s for "key-clear" Any to exist
    t =    87.36s         Checking `Expect predicate `existsNoRetry == 1` for object "key-clear" Any`
    t =    87.36s             Checking existence of `"key-clear" Any`
    t =    87.41s     Find the "key-clear" Any
    t =    87.46s     Tap "key-clear" Image
    t =    87.46s         Wait for TAROKH.CalculatorSwiftUI to idle
    t =    87.46s         Find the "key-clear" Image
    t =    87.49s         Check for interrupting elements affecting "key-clear" Image
    t =    87.52s         Synthesize event
    t =    87.81s         Wait for TAROKH.CalculatorSwiftUI to idle
    t =    87.81s     Waiting 5.0s for "key-cos" Any to exist
    t =    88.83s         Checking `Expect predicate `existsNoRetry == 1` for object "key-cos" Any`
    t =    88.83s             Checking existence of `"key-cos" Any`
    t =    88.85s     Find the "key-cos" Any
    t =    88.88s     Tap "key-cos" StaticText
    t =    88.88s         Wait for TAROKH.CalculatorSwiftUI to idle
    t =    88.89s         Find the "key-cos" StaticText
    t =    88.90s         Check for interrupting elements affecting "key-cos" StaticText
    t =    88.92s         Synthesize event
    t =    89.23s         Wait for TAROKH.CalculatorSwiftUI to idle
    t =    90.25s     Checking `Expect predicate `label == "1.00"` for object "display" StaticText`
    t =    90.26s         Find the "display" StaticText
    t =    90.29s     Find the "display" StaticText
    t =    90.31s     Find the Window (First Match)
    t =    90.32s     Find the "display" StaticText
    t =    90.34s     Find the Target Application 'TAROKH.CalculatorSwiftUI'
    t =    90.40s     Find the "display" StaticText
CASE A12 PASS display=1.00
    t =    90.41s A13
    t =    90.41s     Waiting 5.0s for "key-clear" Any to exist
    t =    91.43s         Checking `Expect predicate `existsNoRetry == 1` for object "key-clear" Any`
    t =    91.44s             Checking existence of `"key-clear" Any`
    t =    91.49s     Find the "key-clear" Any
    t =    91.54s     Tap "key-clear" Image
    t =    91.54s         Wait for TAROKH.CalculatorSwiftUI to idle
    t =    91.54s         Find the "key-clear" Image
    t =    91.57s         Check for interrupting elements affecting "key-clear" Image
    t =    91.60s         Synthesize event
    t =    91.89s         Wait for TAROKH.CalculatorSwiftUI to idle
    t =    91.89s     Waiting 5.0s for "key-tan" Any to exist
    t =    92.91s         Checking `Expect predicate `existsNoRetry == 1` for object "key-tan" Any`
    t =    92.91s             Checking existence of `"key-tan" Any`
    t =    92.94s     Find the "key-tan" Any
    t =    92.97s     Tap "key-tan" StaticText
    t =    92.97s         Wait for TAROKH.CalculatorSwiftUI to idle
    t =    92.98s         Find the "key-tan" StaticText
    t =    92.99s         Check for interrupting elements affecting "key-tan" StaticText
    t =    93.02s         Synthesize event
    t =    93.31s         Wait for TAROKH.CalculatorSwiftUI to idle
    t =    94.34s     Checking `Expect predicate `label == "0.00"` for object "display" StaticText`
    t =    94.34s         Find the "display" StaticText
    t =    94.38s     Find the "display" StaticText
    t =    94.40s     Find the Window (First Match)
    t =    94.41s     Find the "display" StaticText
    t =    94.43s     Find the Target Application 'TAROKH.CalculatorSwiftUI'
    t =    94.49s     Find the "display" StaticText
CASE A13 PASS display=0.00
    t =    94.50s A14
    t =    94.50s     Waiting 5.0s for "key-clear" Any to exist
    t =    95.53s         Checking `Expect predicate `existsNoRetry == 1` for object "key-clear" Any`
    t =    95.53s             Checking existence of `"key-clear" Any`
    t =    95.58s     Find the "key-clear" Any
    t =    95.65s     Tap "key-clear" Image
    t =    95.65s         Wait for TAROKH.CalculatorSwiftUI to idle
    t =    95.66s         Find the "key-clear" Image
    t =    95.69s         Check for interrupting elements affecting "key-clear" Image
    t =    95.71s         Synthesize event
    t =    96.01s         Wait for TAROKH.CalculatorSwiftUI to idle
    t =    96.02s     Waiting 5.0s for "key-π" Any to exist
    t =    97.04s         Checking `Expect predicate `existsNoRetry == 1` for object "key-π" Any`
    t =    97.04s             Checking existence of `"key-π" Any`
    t =    97.10s     Find the "key-π" Any
    t =    97.15s     Tap "key-π" StaticText
    t =    97.15s         Wait for TAROKH.CalculatorSwiftUI to idle
    t =    97.15s         Find the "key-π" StaticText
    t =    97.19s         Check for interrupting elements affecting "key-π" StaticText
    t =    97.21s         Synthesize event
    t =    97.51s         Wait for TAROKH.CalculatorSwiftUI to idle
    t =    98.55s     Checking `Expect predicate `label == "3.14"` for object "display" StaticText`
    t =    98.55s         Find the "display" StaticText
    t =    98.58s     Find the "display" StaticText
    t =    98.59s     Find the Window (First Match)
    t =    98.60s     Find the "display" StaticText
    t =    98.62s     Find the Target Application 'TAROKH.CalculatorSwiftUI'
    t =    98.68s     Find the "display" StaticText
CASE A14 PASS display=3.14
    t =    98.69s A15
    t =    98.69s     Waiting 5.0s for "key-clear" Any to exist
    t =    99.71s         Checking `Expect predicate `existsNoRetry == 1` for object "key-clear" Any`
    t =    99.71s             Checking existence of `"key-clear" Any`
    t =    99.78s     Find the "key-clear" Any
    t =    99.82s     Tap "key-clear" Image
    t =    99.82s         Wait for TAROKH.CalculatorSwiftUI to idle
    t =    99.83s         Find the "key-clear" Image
    t =    99.86s         Check for interrupting elements affecting "key-clear" Image
    t =    99.89s         Synthesize event
    t =   100.18s         Wait for TAROKH.CalculatorSwiftUI to idle
    t =   100.19s     Waiting 5.0s for "key-2" Any to exist
    t =   101.21s         Checking `Expect predicate `existsNoRetry == 1` for object "key-2" Any`
    t =   101.21s             Checking existence of `"key-2" Any`
    t =   101.24s     Find the "key-2" Any
    t =   101.28s     Tap "key-2" StaticText
    t =   101.28s         Wait for TAROKH.CalculatorSwiftUI to idle
    t =   101.29s         Find the "key-2" StaticText
    t =   101.32s         Check for interrupting elements affecting "key-2" StaticText
    t =   101.34s         Synthesize event
    t =   101.64s         Wait for TAROKH.CalculatorSwiftUI to idle
    t =   101.64s     Waiting 5.0s for "key-3" Any to exist
    t =   102.67s         Checking `Expect predicate `existsNoRetry == 1` for object "key-3" Any`
    t =   102.67s             Checking existence of `"key-3" Any`
    t =   102.72s     Find the "key-3" Any
    t =   102.77s     Tap "key-3" StaticText
    t =   102.77s         Wait for TAROKH.CalculatorSwiftUI to idle
    t =   102.77s         Find the "key-3" StaticText
    t =   102.80s         Check for interrupting elements affecting "key-3" StaticText
    t =   102.82s         Synthesize event
    t =   103.13s         Wait for TAROKH.CalculatorSwiftUI to idle
    t =   103.13s     Pressing Home button
    t =   104.67s     Checking `Expect predicate `BLOCKPREDICATE(0x106186fd0)` for object Target Application 'TAROKH.CalculatorSwiftUI'`
    t =   104.68s     Open TAROKH.CalculatorSwiftUI
    t =   104.68s         Activate TAROKH.CalculatorSwiftUI
    t =   104.73s             Wait for TAROKH.CalculatorSwiftUI to idle
    t =   105.77s     Checking `Expect predicate `label == "23.00"` for object "display" StaticText`
    t =   105.77s         Find the "display" StaticText
    t =   105.81s     Find the "display" StaticText
    t =   105.83s     Find the Window (First Match)
    t =   105.84s     Find the "display" StaticText
    t =   105.86s     Find the Target Application 'TAROKH.CalculatorSwiftUI'
    t =   105.92s     Find the "display" StaticText
CASE A15 PASS display=23.00
    t =   105.93s Find the "key-cos" Any
    t =   105.95s Find the "key-cos" StaticText
    t =   105.97s Find the "key-cos" StaticText
    t =   105.99s Find the Window (First Match)
    t =   105.99s Find the "key-cos" StaticText
    t =   106.01s Find the "key-cos" StaticText
    t =   106.03s Find the "key-sin" Any
    t =   106.05s Find the "key-sin" StaticText
    t =   106.07s Find the "key-sin" StaticText
    t =   106.09s Find the Window (First Match)
    t =   106.09s Find the "key-sin" StaticText
    t =   106.11s Find the "key-sin" StaticText
    t =   106.13s Find the "key-sin" StaticText
    t =   106.14s Find the "key-tan" Any
    t =   106.17s Find the "key-tan" StaticText
    t =   106.19s Find the "key-tan" StaticText
    t =   106.20s Find the Window (First Match)
    t =   106.21s Find the "key-tan" StaticText
    t =   106.23s Find the "key-tan" StaticText
    t =   106.25s Find the "key-tan" StaticText
    t =   106.26s Find the "key-tan" StaticText
    t =   106.28s Find the "key-multiply" Any
    t =   106.31s Find the "key-multiply" Image
    t =   106.33s Find the "key-multiply" Image
    t =   106.35s Find the Window (First Match)
    t =   106.36s Find the "key-multiply" Image
    t =   106.38s Find the "key-multiply" Image
    t =   106.40s Find the "key-multiply" Image
    t =   106.42s Find the "key-multiply" Image
    t =   106.44s Find the "key-multiply" Image
    t =   106.46s Find the "key-7" Any
    t =   106.48s Find the "key-7" StaticText
    t =   106.51s Find the "key-7" StaticText
    t =   106.53s Find the Window (First Match)
    t =   106.53s Find the "key-7" StaticText
    t =   106.56s Find the "key-7" StaticText
    t =   106.58s Find the "key-7" StaticText
    t =   106.60s Find the "key-7" StaticText
    t =   106.62s Find the "key-7" StaticText
    t =   106.65s Find the "key-7" StaticText
    t =   106.67s Find the "key-8" Any
    t =   106.70s Find the "key-8" StaticText
    t =   106.73s Find the "key-8" StaticText
    t =   106.75s Find the Window (First Match)
    t =   106.76s Find the "key-8" StaticText
    t =   106.78s Find the "key-8" StaticText
    t =   106.80s Find the "key-8" StaticText
    t =   106.83s Find the "key-8" StaticText
    t =   106.85s Find the "key-8" StaticText
    t =   106.88s Find the "key-8" StaticText
    t =   106.90s Find the "key-8" StaticText
    t =   106.92s Find the "key-9" Any
    t =   106.95s Find the "key-9" StaticText
    t =   106.98s Find the "key-9" StaticText
    t =   107.00s Find the Window (First Match)
    t =   107.01s Find the "key-9" StaticText
    t =   107.04s Find the "key-9" StaticText
    t =   107.06s Find the "key-9" StaticText
    t =   107.08s Find the "key-9" StaticText
    t =   107.11s Find the "key-9" StaticText
    t =   107.13s Find the "key-9" StaticText
    t =   107.16s Find the "key-9" StaticText
    t =   107.18s Find the "key-9" StaticText
    t =   107.20s Find the "key-divide" Any
    t =   107.23s Find the "key-divide" Image
    t =   107.26s Find the "key-divide" Image
    t =   107.29s Find the Window (First Match)
    t =   107.29s Find the "key-divide" Image
    t =   107.32s Find the "key-divide" Image
    t =   107.34s Find the "key-divide" Image
    t =   107.37s Find the "key-divide" Image
    t =   107.40s Find the "key-divide" Image
    t =   107.42s Find the "key-divide" Image
    t =   107.45s Find the "key-divide" Image
    t =   107.47s Find the "key-divide" Image
    t =   107.50s Find the "key-divide" Image
    t =   107.53s Find the "key-4" Any
    t =   107.56s Find the "key-4" StaticText
    t =   107.59s Find the "key-4" StaticText
    t =   107.61s Find the Window (First Match)
    t =   107.62s Find the "key-4" StaticText
    t =   107.65s Find the "key-4" StaticText
    t =   107.68s Find the "key-4" StaticText
    t =   107.70s Find the "key-4" StaticText
    t =   107.73s Find the "key-4" StaticText
    t =   107.76s Find the "key-4" StaticText
    t =   107.78s Find the "key-4" StaticText
    t =   107.81s Find the "key-4" StaticText
    t =   107.84s Find the "key-4" StaticText
    t =   107.87s Find the "key-4" StaticText
    t =   107.89s Find the "key-5" Any
    t =   107.93s Find the "key-5" StaticText
    t =   107.96s Find the "key-5" StaticText
    t =   107.99s Find the Window (First Match)
    t =   107.99s Find the "key-5" StaticText
    t =   108.02s Find the "key-5" StaticText
    t =   108.05s Find the "key-5" StaticText
    t =   108.08s Find the "key-5" StaticText
    t =   108.11s Find the "key-5" StaticText
    t =   108.13s Find the "key-5" StaticText
    t =   108.16s Find the "key-5" StaticText
    t =   108.19s Find the "key-5" StaticText
    t =   108.22s Find the "key-5" StaticText
    t =   108.25s Find the "key-5" StaticText
    t =   108.27s Find the "key-5" StaticText
    t =   108.30s Find the "key-6" Any
    t =   108.34s Find the "key-6" StaticText
    t =   108.38s Find the "key-6" StaticText
    t =   108.41s Find the Window (First Match)
    t =   108.42s Find the "key-6" StaticText
    t =   108.45s Find the "key-6" StaticText
    t =   108.48s Find the "key-6" StaticText
    t =   108.51s Find the "key-6" StaticText
    t =   108.55s Find the "key-6" StaticText
    t =   108.58s Find the "key-6" StaticText
    t =   108.61s Find the "key-6" StaticText
    t =   108.65s Find the "key-6" StaticText
    t =   108.68s Find the "key-6" StaticText
    t =   108.71s Find the "key-6" StaticText
    t =   108.74s Find the "key-6" StaticText
    t =   108.77s Find the "key-6" StaticText
    t =   108.80s Find the "key-plus" Any
    t =   108.84s Find the "key-plus" Image
    t =   108.87s Find the "key-plus" Image
    t =   108.91s Find the Window (First Match)
    t =   108.91s Find the "key-plus" Image
    t =   108.95s Find the "key-plus" Image
    t =   108.98s Find the "key-plus" Image
    t =   109.01s Find the "key-plus" Image
    t =   109.04s Find the "key-plus" Image
    t =   109.08s Find the "key-plus" Image
    t =   109.11s Find the "key-plus" Image
    t =   109.14s Find the "key-plus" Image
    t =   109.17s Find the "key-plus" Image
    t =   109.21s Find the "key-plus" Image
    t =   109.24s Find the "key-plus" Image
    t =   109.27s Find the "key-plus" Image
    t =   109.30s Find the "key-plus" Image
    t =   109.33s Find the "key-1" Any
    t =   109.37s Find the "key-1" StaticText
    t =   109.41s Find the "key-1" StaticText
    t =   109.44s Find the Window (First Match)
    t =   109.45s Find the "key-1" StaticText
    t =   109.48s Find the "key-1" StaticText
    t =   109.52s Find the "key-1" StaticText
    t =   109.55s Find the "key-1" StaticText
    t =   109.58s Find the "key-1" StaticText
    t =   109.61s Find the "key-1" StaticText
    t =   109.65s Find the "key-1" StaticText
    t =   109.68s Find the "key-1" StaticText
    t =   109.71s Find the "key-1" StaticText
    t =   109.75s Find the "key-1" StaticText
    t =   109.78s Find the "key-1" StaticText
    t =   109.81s Find the "key-1" StaticText
    t =   109.84s Find the "key-1" StaticText
    t =   109.88s Find the "key-1" StaticText
    t =   109.91s Find the "key-2" Any
    t =   109.95s Find the "key-2" StaticText
    t =   109.99s Find the "key-2" StaticText
    t =   110.02s Find the Window (First Match)
    t =   110.03s Find the "key-2" StaticText
    t =   110.07s Find the "key-2" StaticText
    t =   110.11s Find the "key-2" StaticText
    t =   110.14s Find the "key-2" StaticText
    t =   110.18s Find the "key-2" StaticText
    t =   110.21s Find the "key-2" StaticText
    t =   110.25s Find the "key-2" StaticText
    t =   110.28s Find the "key-2" StaticText
    t =   110.31s Find the "key-2" StaticText
    t =   110.35s Find the "key-2" StaticText
    t =   110.38s Find the "key-2" StaticText
    t =   110.41s Find the "key-2" StaticText
    t =   110.44s Find the "key-2" StaticText
    t =   110.48s Find the "key-2" StaticText
    t =   110.51s Find the "key-2" StaticText
    t =   110.54s Find the "key-3" Any
    t =   110.59s Find the "key-3" StaticText
    t =   110.62s Find the "key-3" StaticText
    t =   110.65s Find the Window (First Match)
    t =   110.66s Find the "key-3" StaticText
    t =   110.70s Find the "key-3" StaticText
    t =   110.73s Find the "key-3" StaticText
    t =   110.77s Find the "key-3" StaticText
    t =   110.80s Find the "key-3" StaticText
    t =   110.83s Find the "key-3" StaticText
    t =   110.87s Find the "key-3" StaticText
    t =   110.90s Find the "key-3" StaticText
    t =   110.94s Find the "key-3" StaticText
    t =   110.97s Find the "key-3" StaticText
    t =   111.01s Find the "key-3" StaticText
    t =   111.04s Find the "key-3" StaticText
    t =   111.08s Find the "key-3" StaticText
    t =   111.11s Find the "key-3" StaticText
    t =   111.15s Find the "key-3" StaticText
    t =   111.19s Find the "key-3" StaticText
    t =   111.22s Find the "key-minus" Any
    t =   111.26s Find the "key-minus" Image
    t =   111.30s Find the "key-minus" Image
    t =   111.34s Find the Window (First Match)
    t =   111.34s Find the "key-minus" Image
    t =   111.38s Find the "key-minus" Image
    t =   111.42s Find the "key-minus" Image
    t =   111.46s Find the "key-minus" Image
    t =   111.49s Find the "key-minus" Image
    t =   111.53s Find the "key-minus" Image
    t =   111.57s Find the "key-minus" Image
    t =   111.61s Find the "key-minus" Image
    t =   111.64s Find the "key-minus" Image
    t =   111.68s Find the "key-minus" Image
    t =   111.71s Find the "key-minus" Image
    t =   111.75s Find the "key-minus" Image
    t =   111.79s Find the "key-minus" Image
    t =   111.83s Find the "key-minus" Image
    t =   111.86s Find the "key-minus" Image
    t =   111.90s Find the "key-minus" Image
    t =   111.94s Find the "key-minus" Image
    t =   111.97s Find the "key-clear" Any
    t =   112.02s Find the "key-clear" Image
    t =   112.06s Find the "key-clear" Image
    t =   112.10s Find the Window (First Match)
    t =   112.10s Find the "key-clear" Image
    t =   112.14s Find the "key-clear" Image
    t =   112.18s Find the "key-clear" Image
    t =   112.21s Find the "key-clear" Image
    t =   112.25s Find the "key-clear" Image
    t =   112.29s Find the "key-clear" Image
    t =   112.33s Find the "key-clear" Image
    t =   112.36s Find the "key-clear" Image
    t =   112.40s Find the "key-clear" Image
    t =   112.44s Find the "key-clear" Image
    t =   112.48s Find the "key-clear" Image
    t =   112.52s Find the "key-clear" Image
    t =   112.56s Find the "key-clear" Image
    t =   112.61s Find the "key-clear" Image
    t =   112.65s Find the "key-clear" Image
    t =   112.69s Find the "key-clear" Image
    t =   112.73s Find the "key-clear" Image
    t =   112.76s Find the "key-clear" Image
    t =   112.80s Find the "key-0" Any
    t =   112.85s Find the "key-0" StaticText
    t =   112.88s Find the "key-0" StaticText
    t =   112.92s Find the Window (First Match)
    t =   112.93s Find the "key-0" StaticText
    t =   112.97s Find the "key-0" StaticText
    t =   113.01s Find the "key-0" StaticText
    t =   113.05s Find the "key-0" StaticText
    t =   113.08s Find the "key-0" StaticText
    t =   113.12s Find the "key-0" StaticText
    t =   113.16s Find the "key-0" StaticText
    t =   113.20s Find the "key-0" StaticText
    t =   113.24s Find the "key-0" StaticText
    t =   113.27s Find the "key-0" StaticText
    t =   113.31s Find the "key-0" StaticText
    t =   113.35s Find the "key-0" StaticText
    t =   113.39s Find the "key-0" StaticText
    t =   113.43s Find the "key-0" StaticText
    t =   113.47s Find the "key-0" StaticText
    t =   113.50s Find the "key-0" StaticText
    t =   113.54s Find the "key-0" StaticText
    t =   113.58s Find the "key-0" StaticText
    t =   113.62s Find the "key-0" StaticText
    t =   113.67s Find the "key-π" Any
    t =   113.72s Find the "key-π" StaticText
    t =   113.76s Find the "key-π" StaticText
    t =   113.80s Find the Window (First Match)
    t =   113.81s Find the "key-π" StaticText
    t =   113.85s Find the "key-π" StaticText
    t =   113.89s Find the "key-π" StaticText
    t =   113.93s Find the "key-π" StaticText
    t =   113.97s Find the "key-π" StaticText
    t =   114.01s Find the "key-π" StaticText
    t =   114.05s Find the "key-π" StaticText
    t =   114.09s Find the "key-π" StaticText
    t =   114.13s Find the "key-π" StaticText
    t =   114.17s Find the "key-π" StaticText
    t =   114.21s Find the "key-π" StaticText
    t =   114.25s Find the "key-π" StaticText
    t =   114.29s Find the "key-π" StaticText
    t =   114.33s Find the "key-π" StaticText
    t =   114.37s Find the "key-π" StaticText
    t =   114.41s Find the "key-π" StaticText
    t =   114.45s Find the "key-π" StaticText
    t =   114.49s Find the "key-π" StaticText
    t =   114.53s Find the "key-π" StaticText
    t =   114.57s Find the "key-π" StaticText
    t =   114.61s Find the "key-equal" Any
    t =   114.65s Find the "key-equal" Image
    t =   114.70s Find the "key-equal" Image
    t =   114.74s Find the Window (First Match)
    t =   114.74s Find the "key-equal" Image
    t =   114.79s Find the "key-equal" Image
    t =   114.84s Find the "key-equal" Image
    t =   114.88s Find the "key-equal" Image
    t =   114.93s Find the "key-equal" Image
    t =   114.97s Find the "key-equal" Image
    t =   115.01s Find the "key-equal" Image
    t =   115.05s Find the "key-equal" Image
    t =   115.10s Find the "key-equal" Image
    t =   115.14s Find the "key-equal" Image
    t =   115.18s Find the "key-equal" Image
    t =   115.22s Find the "key-equal" Image
    t =   115.26s Find the "key-equal" Image
    t =   115.30s Find the "key-equal" Image
    t =   115.34s Find the "key-equal" Image
    t =   115.38s Find the "key-equal" Image
    t =   115.43s Find the "key-equal" Image
    t =   115.47s Find the "key-equal" Image
    t =   115.51s Find the "key-equal" Image
    t =   115.55s Find the "key-equal" Image
    t =   115.59s Find the "key-equal" Image
    t =   115.64s Find the Window (First Match)
    t =   115.65s Tear Down
Test Case '-[CalculatorUITests.CalculatorUITests testApprovedCasesOnCurrentDevice]' passed (115.890 seconds).
Test Suite 'CalculatorUITests' passed at 2026-10-08 14:28:13.535.
	 Executed 1 test, with 0 failures (0 unexpected) in 115.890 (115.893) seconds
Test Suite 'CalculatorUITests.xctest' passed at 2026-10-08 14:28:13.536.
	 Executed 1 test, with 0 failures (0 unexpected) in 115.890 (115.893) seconds
Test Suite 'All tests' passed at 2026-10-08 14:28:13.536.
	 Executed 1 test, with 0 failures (0 unexpected) in 115.890 (115.894) seconds

Test session results, code coverage, and logs:
	/tmp/ui-goal04-20261006-azi78jzc/formal-pilot-preparation/native/SE/tests.xcresult

** TEST SUCCEEDED **

Testing started
